const unsigned char ARM_M4_APPL_OTA_fw [] = {
0xCC, 0xCC, 0xAA, 0xAA, 0x14, 0x56, 0x00, 0x00, 0xEA, 0xB1, 0x5D, 0x94, 
0x02, 0x00, 0x00, 0x00, 0x00, 0x00, 0x02, 0x20, 0xD5, 0xCC, 0x00, 0x08, 
0x75, 0xCB, 0x00, 0x08, 0x7D, 0xCB, 0x00, 0x08, 0x85, 0xCB, 0x00, 0x08, 
0x8D, 0xCB, 0x00, 0x08, 0x95, 0xCB, 0x00, 0x08, 0x00, 0x00, 0x00, 0x00, 
0x00, 0x00, 0x00, 0x00, 0x00, 0x00, 0x00, 0x00, 0x00, 0x00, 0x00, 0x00, 
0x11, 0x0B, 0x01, 0x08, 0x9D, 0xCB, 0x00, 0x08, 0x00, 0x00, 0x00, 0x00, 
0x61, 0x0D, 0x01, 0x08, 0x35, 0xE7, 0x00, 0x08, 0x25, 0xCD, 0x00, 0x08, 
0x25, 0xCD, 0x00, 0x08, 0x25, 0xCD, 0x00, 0x08, 0x25, 0xCD, 0x00, 0x08, 
0x25, 0xCD, 0x00, 0x08, 0x25, 0xCD, 0x00, 0x08, 0xAB, 0xCB, 0x00, 0x08, 
0x25, 0xCD, 0x00, 0x08, 0x25, 0xCD, 0x00, 0x08, 0x25, 0xCD, 0x00, 0x08, 
0x25, 0xCD, 0x00, 0x08, 0x25, 0xCD, 0x00, 0x08, 0x25, 0xCD, 0x00, 0x08, 
0x25, 0xCD, 0x00, 0x08, 0x25, 0xCD, 0x00, 0x08, 0x25, 0xCD, 0x00, 0x08, 
0x25, 0xCD, 0x00, 0x08, 0x25, 0xCD, 0x00, 0x08, 0x25, 0xCD, 0x00, 0x08, 
0x25, 0xCD, 0x00, 0x08, 0x25, 0xCD, 0x00, 0x08, 0x25, 0xCD, 0x00, 0x08, 
0x25, 0xCD, 0x00, 0x08, 0x25, 0xCD, 0x00, 0x08, 0x25, 0xCD, 0x00, 0x08, 
0x25, 0xCD, 0x00, 0x08, 0x25, 0xCD, 0x00, 0x08, 0x25, 0xCD, 0x00, 0x08, 
0x25, 0xCD, 0x00, 0x08, 0x25, 0xCD, 0x00, 0x08, 0xB9, 0xCB, 0x00, 0x08, 
0x25, 0xCD, 0x00, 0x08, 0x25, 0xCD, 0x00, 0x08, 0x25, 0xCD, 0x00, 0x08, 
0x25, 0xCD, 0x00, 0x08, 0x25, 0xCD, 0x00, 0x08, 0x25, 0xCD, 0x00, 0x08, 
0x25, 0xCD, 0x00, 0x08, 0x25, 0xCD, 0x00, 0x08, 0x25, 0xCD, 0x00, 0x08, 
0x25, 0xCD, 0x00, 0x08, 0x25, 0xCD, 0x00, 0x08, 0x25, 0xCD, 0x00, 0x08, 
0x25, 0xCD, 0x00, 0x08, 0x25, 0xCD, 0x00, 0x08, 0x25, 0xCD, 0x00, 0x08, 
0x25, 0xCD, 0x00, 0x08, 0x25, 0xCD, 0x00, 0x08, 0x25, 0xCD, 0x00, 0x08, 
0x25, 0xCD, 0x00, 0x08, 0x25, 0xCD, 0x00, 0x08, 0x25, 0xCD, 0x00, 0x08, 
0x25, 0xCD, 0x00, 0x08, 0x25, 0xCD, 0x00, 0x08, 0x25, 0xCD, 0x00, 0x08, 
0x25, 0xCD, 0x00, 0x08, 0x25, 0xCD, 0x00, 0x08, 0x25, 0xCD, 0x00, 0x08, 
0x25, 0xCD, 0x00, 0x08, 0x25, 0xCD, 0x00, 0x08, 0x25, 0xCD, 0x00, 0x08, 
0x25, 0xCD, 0x00, 0x08, 0x25, 0xCD, 0x00, 0x08, 0x25, 0xCD, 0x00, 0x08, 
0x25, 0xCD, 0x00, 0x08, 0x25, 0xCD, 0x00, 0x08, 0x25, 0xCD, 0x00, 0x08, 
0x25, 0xCD, 0x00, 0x08, 0x25, 0xCD, 0x00, 0x08, 0x25, 0xCD, 0x00, 0x08, 
0x25, 0xCD, 0x00, 0x08, 0x25, 0xCD, 0x00, 0x08, 0x25, 0xCD, 0x00, 0x08, 
0x25, 0xCD, 0x00, 0x08, 0x25, 0xCD, 0x00, 0x08, 0x25, 0xCD, 0x00, 0x08, 
0x25, 0xCD, 0x00, 0x08, 0x25, 0xCD, 0x00, 0x08, 0x25, 0xCD, 0x00, 0x08, 
0x00, 0x00, 0x00, 0x00, 0x25, 0xCD, 0x00, 0x08, 0x25, 0xCD, 0x00, 0x08, 
0x00, 0x00, 0x00, 0x00, 0x00, 0x00, 0x00, 0x00, 0x10, 0xB5, 0x05, 0x4C, 
0x23, 0x78, 0x33, 0xB9, 0x04, 0x4B, 0x13, 0xB1, 0x04, 0x48, 0xAF, 0xF3, 
0x00, 0x80, 0x01, 0x23, 0x23, 0x70, 0x10, 0xBD, 0x84, 0x00, 0x00, 0x20, 
0x00, 0x00, 0x00, 0x00, 0xA8, 0x14, 0x01, 0x08, 0x08, 0xB5, 0x03, 0x4B, 
0x1B, 0xB1, 0x03, 0x49, 0x03, 0x48, 0xAF, 0xF3, 0x00, 0x80, 0x08, 0xBD, 
0x00, 0x00, 0x00, 0x00, 0x88, 0x00, 0x00, 0x20, 0xA8, 0x14, 0x01, 0x08, 
0x53, 0xB9, 0x4A, 0xB9, 0x00, 0x29, 0x08, 0xBF, 0x00, 0x28, 0x1C, 0xBF, 
0x4F, 0xF0, 0xFF, 0x31, 0x4F, 0xF0, 0xFF, 0x30, 0x00, 0xF0, 0x88, 0xB9, 
0xAD, 0xF1, 0x08, 0x0C, 0x6D, 0xE9, 0x04, 0xCE, 0x00, 0xF0, 0x06, 0xF8, 
0xDD, 0xF8, 0x04, 0xE0, 0xDD, 0xE9, 0x02, 0x23, 0x04, 0xB0, 0x70, 0x47, 
0x2D, 0xE9, 0xF0, 0x47, 0x08, 0x9D, 0x8E, 0x46, 0x04, 0x46, 0x88, 0x46, 
0x00, 0x2B, 0x4A, 0xD1, 0x8A, 0x42, 0x17, 0x46, 0x62, 0xD9, 0xB2, 0xFA, 
0x82, 0xF6, 0x4E, 0xB1, 0xC6, 0xF1, 0x20, 0x03, 0x01, 0xFA, 0x06, 0xF8, 
0x20, 0xFA, 0x03, 0xF3, 0xB7, 0x40, 0x43, 0xEA, 0x08, 0x08, 0xB4, 0x40, 
0x4F, 0xEA, 0x17, 0x4E, 0x1F, 0xFA, 0x87, 0xFC, 0xB8, 0xFB, 0xFE, 0xF1, 
0x23, 0x0C, 0x0E, 0xFB, 0x11, 0x88, 0x43, 0xEA, 0x08, 0x43, 0x01, 0xFB, 
0x0C, 0xF2, 0x9A, 0x42, 0x09, 0xD9, 0xFB, 0x18, 0x01, 0xF1, 0xFF, 0x30, 
0x80, 0xF0, 0xEA, 0x80, 0x9A, 0x42, 0x40, 0xF2, 0xE7, 0x80, 0x02, 0x39, 
0x3B, 0x44, 0x9A, 0x1A, 0xA3, 0xB2, 0xB2, 0xFB, 0xFE, 0xF0, 0x0E, 0xFB, 
0x10, 0x22, 0x43, 0xEA, 0x02, 0x43, 0x00, 0xFB, 0x0C, 0xFC, 0x9C, 0x45, 
0x09, 0xD9, 0xFB, 0x18, 0x00, 0xF1, 0xFF, 0x32, 0x80, 0xF0, 0xD6, 0x80, 
0x9C, 0x45, 0x40, 0xF2, 0xD3, 0x80, 0x3B, 0x44, 0x02, 0x38, 0x40, 0xEA, 
0x01, 0x40, 0xA3, 0xEB, 0x0C, 0x03, 0x00, 0x21, 0x1D, 0xB1, 0xF3, 0x40, 
0x00, 0x22, 0xC5, 0xE9, 0x00, 0x32, 0xBD, 0xE8, 0xF0, 0x87, 0x8B, 0x42, 
0x05, 0xD9, 0x0D, 0xB1, 0xC5, 0xE9, 0x00, 0x01, 0x00, 0x21, 0x08, 0x46, 
0xF5, 0xE7, 0xB3, 0xFA, 0x83, 0xF1, 0x00, 0x29, 0x46, 0xD1, 0x73, 0x45, 
0x02, 0xD3, 0x82, 0x42, 0x00, 0xF2, 0x05, 0x81, 0x84, 0x1A, 0x6E, 0xEB, 
0x03, 0x02, 0x01, 0x20, 0x90, 0x46, 0x00, 0x2D, 0xE5, 0xD0, 0xC5, 0xE9, 
0x00, 0x48, 0xE2, 0xE7, 0x00, 0x2A, 0x00, 0xF0, 0x90, 0x80, 0xB2, 0xFA, 
0x82, 0xF6, 0x00, 0x2E, 0x40, 0xF0, 0xA4, 0x80, 0x8A, 0x1A, 0x03, 0x0C, 
0x4F, 0xEA, 0x17, 0x4E, 0x80, 0xB2, 0xBC, 0xB2, 0x01, 0x21, 0xB2, 0xFB, 
0xFE, 0xFC, 0x0E, 0xFB, 0x1C, 0x22, 0x43, 0xEA, 0x02, 0x43, 0x04, 0xFB, 
0x0C, 0xF2, 0x9A, 0x42, 0x07, 0xD9, 0xFB, 0x18, 0x0C, 0xF1, 0xFF, 0x38, 
0x02, 0xD2, 0x9A, 0x42, 0x00, 0xF2, 0xE0, 0x80, 0xC4, 0x46, 0x9B, 0x1A, 
0xB3, 0xFB, 0xFE, 0xF2, 0x0E, 0xFB, 0x12, 0x33, 0x40, 0xEA, 0x03, 0x43, 
0x02, 0xFB, 0x04, 0xF4, 0x9C, 0x42, 0x07, 0xD9, 0xFB, 0x18, 0x02, 0xF1, 
0xFF, 0x30, 0x02, 0xD2, 0x9C, 0x42, 0x00, 0xF2, 0xCA, 0x80, 0x02, 0x46, 
0x1B, 0x1B, 0x42, 0xEA, 0x0C, 0x40, 0xA5, 0xE7, 0xC1, 0xF1, 0x20, 0x06, 
0x8B, 0x40, 0x22, 0xFA, 0x06, 0xF7, 0x1F, 0x43, 0x0E, 0xFA, 0x01, 0xF4, 
0x20, 0xFA, 0x06, 0xF3, 0x2E, 0xFA, 0x06, 0xFE, 0x4F, 0xEA, 0x17, 0x49, 
0x23, 0x43, 0x00, 0xFA, 0x01, 0xF8, 0x1F, 0xFA, 0x87, 0xFC, 0xBE, 0xFB, 
0xF9, 0xF0, 0x1C, 0x0C, 0x09, 0xFB, 0x10, 0xEE, 0x44, 0xEA, 0x0E, 0x44, 
0x00, 0xFB, 0x0C, 0xFE, 0xA6, 0x45, 0x02, 0xFA, 0x01, 0xF2, 0x09, 0xD9, 
0x3C, 0x19, 0x00, 0xF1, 0xFF, 0x3A, 0x80, 0xF0, 0x9C, 0x80, 0xA6, 0x45, 
0x40, 0xF2, 0x99, 0x80, 0x02, 0x38, 0x3C, 0x44, 0xA4, 0xEB, 0x0E, 0x04, 
0x1F, 0xFA, 0x83, 0xFE, 0xB4, 0xFB, 0xF9, 0xF3, 0x09, 0xFB, 0x13, 0x44, 
0x4E, 0xEA, 0x04, 0x44, 0x03, 0xFB, 0x0C, 0xFC, 0xA4, 0x45, 0x08, 0xD9, 
0x3C, 0x19, 0x03, 0xF1, 0xFF, 0x3E, 0x80, 0xF0, 0x82, 0x80, 0xA4, 0x45, 
0x7F, 0xD9, 0x02, 0x3B, 0x3C, 0x44, 0x43, 0xEA, 0x00, 0x40, 0xA4, 0xEB, 
0x0C, 0x04, 0xA0, 0xFB, 0x02, 0xEC, 0x64, 0x45, 0x73, 0x46, 0xE1, 0x46, 
0x62, 0xD3, 0x5F, 0xD0, 0x5D, 0xB1, 0xB8, 0xEB, 0x03, 0x02, 0x64, 0xEB, 
0x09, 0x04, 0x04, 0xFA, 0x06, 0xF6, 0x22, 0xFA, 0x01, 0xF3, 0x1E, 0x43, 
0xCC, 0x40, 0xC5, 0xE9, 0x00, 0x64, 0x00, 0x21, 0x4F, 0xE7, 0xB1, 0xFB, 
0xF2, 0xFC, 0x01, 0x0C, 0x41, 0xEA, 0x0E, 0x41, 0x80, 0xB2, 0x40, 0xEA, 
0x01, 0x42, 0x3B, 0x46, 0x38, 0x46, 0x3C, 0x46, 0xB8, 0x46, 0xBE, 0x46, 
0x20, 0x26, 0xB1, 0xFB, 0xF7, 0xF1, 0xA2, 0xEB, 0x08, 0x02, 0x41, 0xEA, 
0x0C, 0x41, 0x66, 0xE7, 0x01, 0x46, 0x18, 0xE7, 0x10, 0x46, 0x2C, 0xE7, 
0xC6, 0xF1, 0x20, 0x02, 0x2E, 0xFA, 0x02, 0xF3, 0xB7, 0x40, 0xB1, 0x40, 
0x20, 0xFA, 0x02, 0xF2, 0x4F, 0xEA, 0x17, 0x4E, 0x0A, 0x43, 0xB3, 0xFB, 
0xFE, 0xF8, 0xBC, 0xB2, 0x0E, 0xFB, 0x18, 0x33, 0x11, 0x0C, 0x41, 0xEA, 
0x03, 0x41, 0x08, 0xFB, 0x04, 0xF9, 0xB0, 0x40, 0x89, 0x45, 0x4F, 0xEA, 
0x10, 0x43, 0x80, 0xB2, 0x3E, 0xD9, 0x79, 0x18, 0x08, 0xF1, 0xFF, 0x3C, 
0x01, 0xD2, 0x89, 0x45, 0x1F, 0xD8, 0xA1, 0xEB, 0x09, 0x01, 0xB1, 0xFB, 
0xFE, 0xF9, 0x09, 0xFB, 0x04, 0xF8, 0x0E, 0xFB, 0x19, 0x11, 0x92, 0xB2, 
0x42, 0xEA, 0x01, 0x42, 0x42, 0x45, 0x29, 0xD2, 0xBA, 0x18, 0x09, 0xF1, 
0xFF, 0x31, 0xC4, 0xD2, 0x42, 0x45, 0xC2, 0xD2, 0xA9, 0xF1, 0x02, 0x01, 
0x3A, 0x44, 0xBE, 0xE7, 0xF0, 0x45, 0x9D, 0xD2, 0xBE, 0xEB, 0x02, 0x03, 
0x6C, 0xEB, 0x07, 0x0C, 0x01, 0x38, 0xE1, 0x46, 0x96, 0xE7, 0xA7, 0xEB, 
0x09, 0x09, 0x49, 0x44, 0xA8, 0xF1, 0x02, 0x0C, 0xB1, 0xFB, 0xFE, 0xF9, 
0x09, 0xFB, 0x04, 0xF8, 0xDB, 0xE7, 0x73, 0x46, 0x7F, 0xE7, 0x50, 0x46, 
0x66, 0xE7, 0x08, 0x46, 0xFD, 0xE6, 0x3B, 0x44, 0x02, 0x3A, 0x33, 0xE7, 
0xAC, 0xF1, 0x02, 0x0C, 0x3B, 0x44, 0x1C, 0xE7, 0x49, 0x46, 0x9C, 0xE7, 
0xA1, 0xEB, 0x09, 0x01, 0xC4, 0x46, 0xB1, 0xFB, 0xFE, 0xF9, 0x09, 0xFB, 
0x04, 0xF8, 0xC4, 0xE7, 0x70, 0x47, 0x00, 0xBF, 0x80, 0xB5, 0x86, 0xB0, 
0x00, 0xAF, 0xF8, 0x60, 0xB9, 0x60, 0x7A, 0x60, 0xFB, 0x68, 0x7B, 0x61, 
0x00, 0xF0, 0xCA, 0xF8, 0x00, 0xF0, 0xAC, 0xF8, 0x01, 0x23, 0x7B, 0x60, 
0x00, 0x23, 0x3B, 0x61, 0x0C, 0xE0, 0x3B, 0x69, 0x9B, 0x00, 0xBA, 0x68, 
0x1A, 0x44, 0x3B, 0x69, 0x9B, 0x00, 0x79, 0x69, 0x0B, 0x44, 0x12, 0x68, 
0x1A, 0x60, 0x3B, 0x69, 0x01, 0x33, 0x3B, 0x61, 0x3B, 0x69, 0x03, 0x2B, 
0xEF, 0xDD, 0x00, 0xF0, 0xB1, 0xF8, 0x05, 0x4B, 0x1B, 0x69, 0x04, 0x4A, 
0x23, 0xF0, 0x01, 0x03, 0x13, 0x61, 0x00, 0xBF, 0x18, 0x37, 0xBD, 0x46, 
0x80, 0xBD, 0x00, 0xBF, 0x00, 0x3C, 0x02, 0x40, 0x80, 0xB4, 0x85, 0xB0, 
0x00, 0xAF, 0x78, 0x60, 0x39, 0x60, 0x7B, 0x68, 0xBB, 0x60, 0x00, 0x23, 
0xFB, 0x60, 0x0C, 0xE0, 0xFB, 0x68, 0x9B, 0x00, 0xBA, 0x68, 0x1A, 0x44, 
0xFB, 0x68, 0x9B, 0x00, 0x39, 0x68, 0x0B, 0x44, 0x12, 0x68, 0x1A, 0x60, 
0xFB, 0x68, 0x01, 0x33, 0xFB, 0x60, 0xFB, 0x68, 0x03, 0x2B, 0xEF, 0xD9, 
0x00, 0xBF, 0x18, 0x46, 0x14, 0x37, 0xBD, 0x46, 0x5D, 0xF8, 0x04, 0x7B, 
0x70, 0x47, 0x00, 0x00, 0x80, 0xB4, 0x00, 0xAF, 0xBF, 0xF3, 0x4F, 0x8F, 
0x00, 0xBF, 0x06, 0x4B, 0xDB, 0x68, 0x03, 0xF4, 0xE0, 0x62, 0x04, 0x49, 
0x04, 0x4B, 0x13, 0x43, 0xCB, 0x60, 0xBF, 0xF3, 0x4F, 0x8F, 0x00, 0xBF, 
0x00, 0xBF, 0xFD, 0xE7, 0x00, 0xED, 0x00, 0xE0, 0x04, 0x00, 0xFA, 0x05, 
0x80, 0xB5, 0x00, 0xAF, 0x00, 0xF0, 0x7A, 0xF8, 0x08, 0x49, 0x09, 0x48, 
0xFF, 0xF7, 0xC0, 0xFF, 0x06, 0x4B, 0xCE, 0x22, 0x1A, 0x60, 0x00, 0xF0, 
0x0D, 0xF8, 0x01, 0x22, 0x03, 0x49, 0x04, 0x48, 0xFF, 0xF7, 0x86, 0xFF, 
0x00, 0xF0, 0x82, 0xF8, 0xFF, 0xF7, 0xD4, 0xFF, 0xA0, 0x00, 0x00, 0x20, 
0x00, 0x80, 0x00, 0x08, 0x80, 0xB4, 0x00, 0xAF, 0x00, 0xBF, 0x18, 0x4B, 
0xDB, 0x68, 0x03, 0xF4, 0x80, 0x33, 0x00, 0x2B, 0xF9, 0xD1, 0x15, 0x4B, 
0x1B, 0x69, 0x14, 0x4A, 0x43, 0xF0, 0x02, 0x03, 0x13, 0x61, 0x12, 0x4B, 
0x1B, 0x69, 0x11, 0x4A, 0x43, 0xF0, 0x10, 0x03, 0x13, 0x61, 0x0F, 0x4B, 
0x1B, 0x69, 0x0E, 0x4A, 0x43, 0xF4, 0x80, 0x33, 0x13, 0x61, 0x00, 0xBF, 
0x0B, 0x4B, 0xDB, 0x68, 0x03, 0xF4, 0x80, 0x33, 0x00, 0x2B, 0xF9, 0xD1, 
0x08, 0x4B, 0x1B, 0x69, 0x07, 0x4A, 0x23, 0xF0, 0x02, 0x03, 0x13, 0x61, 
0x05, 0x4B, 0x1B, 0x69, 0x04, 0x4A, 0x23, 0xF0, 0x08, 0x03, 0x13, 0x61, 
0x00, 0xBF, 0xBD, 0x46, 0x5D, 0xF8, 0x04, 0x7B, 0x70, 0x47, 0x00, 0xBF, 
0x00, 0x3C, 0x02, 0x40, 0x80, 0xB4, 0x00, 0xAF, 0x0B, 0x4B, 0x1B, 0x69, 
0x0A, 0x4A, 0x43, 0xF0, 0x01, 0x03, 0x13, 0x61, 0x08, 0x4B, 0x1B, 0x69, 
0x07, 0x4A, 0x23, 0xF4, 0x40, 0x73, 0x13, 0x61, 0x05, 0x4B, 0x1B, 0x69, 
0x04, 0x4A, 0x43, 0xF4, 0x00, 0x73, 0x13, 0x61, 0x00, 0xBF, 0xBD, 0x46, 
0x5D, 0xF8, 0x04, 0x7B, 0x70, 0x47, 0x00, 0xBF, 0x00, 0x3C, 0x02, 0x40, 
0x80, 0xB4, 0x00, 0xAF, 0x00, 0xBF, 0x06, 0x4B, 0xDB, 0x68, 0x03, 0xF4, 
0x80, 0x33, 0x00, 0x2B, 0xF9, 0xD1, 0x00, 0xBF, 0x00, 0xBF, 0xBD, 0x46, 
0x5D, 0xF8, 0x04, 0x7B, 0x70, 0x47, 0x00, 0xBF, 0x00, 0x3C, 0x02, 0x40, 
0x80, 0xB4, 0x00, 0xAF, 0x07, 0x4B, 0x1B, 0x69, 0x00, 0x2B, 0x05, 0xDA, 
0x05, 0x4B, 0x06, 0x4A, 0x5A, 0x60, 0x04, 0x4B, 0x05, 0x4A, 0x5A, 0x60, 
0x00, 0xBF, 0xBD, 0x46, 0x5D, 0xF8, 0x04, 0x7B, 0x70, 0x47, 0x00, 0xBF, 
0x00, 0x3C, 0x02, 0x40, 0x23, 0x01, 0x67, 0x45, 0xAB, 0x89, 0xEF, 0xCD, 
0x80, 0xB4, 0x00, 0xAF, 0x05, 0x4B, 0x1B, 0x69, 0x04, 0x4A, 0x43, 0xF0, 
0x00, 0x43, 0x13, 0x61, 0x00, 0xBF, 0xBD, 0x46, 0x5D, 0xF8, 0x04, 0x7B, 
0x70, 0x47, 0x00, 0xBF, 0x00, 0x3C, 0x02, 0x40, 0x80, 0xB5, 0x00, 0xAF, 
0x0C, 0x4A, 0x00, 0x21, 0x0C, 0x48, 0x02, 0xF0, 0x6B, 0xF8, 0x03, 0x46, 
0x0B, 0x4A, 0x13, 0x60, 0x0B, 0x4A, 0x00, 0x21, 0x0B, 0x48, 0x02, 0xF0, 
0x63, 0xF8, 0x03, 0x46, 0x0A, 0x4A, 0x13, 0x60, 0x0A, 0x4A, 0x00, 0x21, 
0x0A, 0x48, 0x02, 0xF0, 0x5B, 0xF8, 0x03, 0x46, 0x09, 0x4A, 0x13, 0x60, 
0x00, 0xBF, 0x80, 0xBD, 0xFC, 0x14, 0x01, 0x08, 0x75, 0xC7, 0x00, 0x08, 
0xB0, 0x00, 0x00, 0x20, 0x20, 0x15, 0x01, 0x08, 0x99, 0xC7, 0x00, 0x08, 
0xB4, 0x00, 0x00, 0x20, 0x44, 0x15, 0x01, 0x08, 0xDD, 0xC7, 0x00, 0x08, 
0xB8, 0x00, 0x00, 0x20, 0x80, 0xB5, 0x82, 0xB0, 0x00, 0xAF, 0x78, 0x60, 
0x05, 0x4B, 0x5B, 0x69, 0x04, 0x4A, 0x83, 0xF4, 0x00, 0x43, 0x53, 0x61, 
0x64, 0x20, 0x02, 0xF0, 0xC9, 0xF8, 0x00, 0xBF, 0xF4, 0xE7, 0x00, 0xBF, 
0x00, 0x0C, 0x02, 0x40, 0x80, 0xB5, 0x84, 0xB0, 0x00, 0xAF, 0x78, 0x60, 
0x00, 0x23, 0xFB, 0x73, 0x0E, 0xE0, 0x00, 0xBF, 0x0A, 0x4B, 0x1B, 0x68, 
0x03, 0xF0, 0x40, 0x03, 0x00, 0x2B, 0xF9, 0xD0, 0xFB, 0x7B, 0x08, 0x4A, 
0xD2, 0x5C, 0x06, 0x4B, 0x5A, 0x60, 0xFB, 0x7B, 0x01, 0x33, 0xFB, 0x73, 
0xFB, 0x7B, 0x20, 0x2B, 0xED, 0xD9, 0x4F, 0xF4, 0x7A, 0x70, 0x02, 0xF0, 
0xA7, 0xF8, 0xE5, 0xE7, 0x00, 0x44, 0x00, 0x40, 0x00, 0x00, 0x00, 0x20, 
0x80, 0xB4, 0x83, 0xB0, 0x00, 0xAF, 0x78, 0x60, 0x00, 0xBF, 0xFD, 0xE7, 
0x80, 0xB5, 0x88, 0xB0, 0x00, 0xAF, 0x07, 0xF1, 0x0C, 0x03, 0x00, 0x22, 
0x1A, 0x60, 0x5A, 0x60, 0x9A, 0x60, 0xDA, 0x60, 0x1A, 0x61, 0x00, 0x23, 
0xBB, 0x60, 0x32, 0x4B, 0x1B, 0x6B, 0x31, 0x4A, 0x43, 0xF0, 0x80, 0x03, 
0x13, 0x63, 0x2F, 0x4B, 0x1B, 0x6B, 0x03, 0xF0, 0x80, 0x03, 0xBB, 0x60, 
0xBB, 0x68, 0x00, 0x23, 0x7B, 0x60, 0x2B, 0x4B, 0x1B, 0x6B, 0x2A, 0x4A, 
0x43, 0xF0, 0x01, 0x03, 0x13, 0x63, 0x28, 0x4B, 0x1B, 0x6B, 0x03, 0xF0, 
0x01, 0x03, 0x7B, 0x60, 0x7B, 0x68, 0x00, 0x23, 0x3B, 0x60, 0x24, 0x4B, 
0x1B, 0x6B, 0x23, 0x4A, 0x43, 0xF0, 0x08, 0x03, 0x13, 0x63, 0x21, 0x4B, 
0x1B, 0x6B, 0x03, 0xF0, 0x08, 0x03, 0x3B, 0x60, 0x3B, 0x68, 0x00, 0x22, 
0x4F, 0xF4, 0x70, 0x41, 0x1D, 0x48, 0x00, 0xF0, 0x25, 0xFD, 0x01, 0x23, 
0xFB, 0x60, 0x4F, 0xF4, 0x04, 0x13, 0x3B, 0x61, 0x02, 0x23, 0x7B, 0x61, 
0x07, 0xF1, 0x0C, 0x03, 0x19, 0x46, 0x18, 0x48, 0x00, 0xF0, 0x7C, 0xFB, 
0x4F, 0xF4, 0x80, 0x53, 0xFB, 0x60, 0x01, 0x23, 0x3B, 0x61, 0x01, 0x23, 
0x7B, 0x61, 0x00, 0x23, 0xBB, 0x61, 0x07, 0xF1, 0x0C, 0x03, 0x19, 0x46, 
0x0F, 0x48, 0x00, 0xF0, 0x6D, 0xFB, 0x4F, 0xF4, 0x60, 0x43, 0xFB, 0x60, 
0x01, 0x23, 0x3B, 0x61, 0x00, 0x23, 0x7B, 0x61, 0x00, 0x23, 0xBB, 0x61, 
0x07, 0xF1, 0x0C, 0x03, 0x19, 0x46, 0x08, 0x48, 0x00, 0xF0, 0x5E, 0xFB, 
0x00, 0x22, 0x05, 0x21, 0x06, 0x20, 0x00, 0xF0, 0x2F, 0xFB, 0x06, 0x20, 
0x00, 0xF0, 0x48, 0xFB, 0x00, 0xBF, 0x20, 0x37, 0xBD, 0x46, 0x80, 0xBD, 
0x00, 0x38, 0x02, 0x40, 0x00, 0x0C, 0x02, 0x40, 0x00, 0x00, 0x02, 0x40, 
0x80, 0xB5, 0x84, 0xB0, 0x00, 0xAF, 0x03, 0x46, 0xFB, 0x80, 0x4F, 0xF4, 
0x7A, 0x73, 0xFB, 0x81, 0x00, 0xBF, 0xFB, 0x89, 0x5A, 0x1E, 0xFA, 0x81, 
0x00, 0x2B, 0xFA, 0xD1, 0xFF, 0xF7, 0x6A, 0xFE, 0x00, 0xBF, 0x10, 0x37, 
0xBD, 0x46, 0x80, 0xBD, 0x80, 0xB5, 0x00, 0xAF, 0x00, 0xF0, 0x10, 0xFA, 
0x09, 0x4B, 0x0A, 0x4A, 0x9A, 0x60, 0x62, 0xB6, 0x00, 0xBF, 0x00, 0xF0, 
0x11, 0xF8, 0xFF, 0xF7, 0x67, 0xFF, 0x00, 0xF0, 0x69, 0xF9, 0x01, 0xF0, 
0x23, 0xFF, 0xFF, 0xF7, 0xF9, 0xFE, 0x01, 0xF0, 0x43, 0xFF, 0x00, 0xBF, 
0xFD, 0xE7, 0x00, 0xBF, 0x00, 0xED, 0x00, 0xE0, 0x00, 0xC0, 0x00, 0x08, 
0x80, 0xB5, 0x94, 0xB0, 0x00, 0xAF, 0x07, 0xF1, 0x20, 0x03, 0x30, 0x22, 
0x00, 0x21, 0x18, 0x46, 0x04, 0xF0, 0xBE, 0xFC, 0x07, 0xF1, 0x0C, 0x03, 
0x00, 0x22, 0x1A, 0x60, 0x5A, 0x60, 0x9A, 0x60, 0xDA, 0x60, 0x1A, 0x61, 
0x00, 0x23, 0xBB, 0x60, 0x22, 0x4B, 0x1B, 0x6C, 0x21, 0x4A, 0x43, 0xF0, 
0x80, 0x53, 0x13, 0x64, 0x1F, 0x4B, 0x1B, 0x6C, 0x03, 0xF0, 0x80, 0x53, 
0xBB, 0x60, 0xBB, 0x68, 0x00, 0x23, 0x7B, 0x60, 0x1C, 0x4B, 0x1B, 0x68, 
0x1B, 0x4A, 0x43, 0xF4, 0x80, 0x43, 0x13, 0x60, 0x19, 0x4B, 0x1B, 0x68, 
0x03, 0xF4, 0x80, 0x43, 0x7B, 0x60, 0x7B, 0x68, 0x02, 0x23, 0x3B, 0x62, 
0x01, 0x23, 0xFB, 0x62, 0x10, 0x23, 0x3B, 0x63, 0x00, 0x23, 0xBB, 0x63, 
0x07, 0xF1, 0x20, 0x03, 0x18, 0x46, 0x00, 0xF0, 0xAF, 0xFC, 0x03, 0x46, 
0x00, 0x2B, 0x01, 0xD0, 0x00, 0xF0, 0x30, 0xF8, 0x0F, 0x23, 0xFB, 0x60, 
0x00, 0x23, 0x3B, 0x61, 0x00, 0x23, 0x7B, 0x61, 0x00, 0x23, 0xBB, 0x61, 
0x00, 0x23, 0xFB, 0x61, 0x07, 0xF1, 0x0C, 0x03, 0x00, 0x21, 0x18, 0x46, 
0x00, 0xF0, 0x12, 0xFF, 0x03, 0x46, 0x00, 0x2B, 0x01, 0xD0, 0x00, 0xF0, 
0x1B, 0xF8, 0x00, 0xBF, 0x50, 0x37, 0xBD, 0x46, 0x80, 0xBD, 0x00, 0xBF, 
0x00, 0x38, 0x02, 0x40, 0x00, 0x70, 0x00, 0x40, 0x80, 0xB5, 0x82, 0xB0, 
0x00, 0xAF, 0x78, 0x60, 0x7B, 0x68, 0x1B, 0x68, 0x04, 0x4A, 0x93, 0x42, 
0x01, 0xD1, 0x00, 0xF0, 0xB1, 0xF9, 0x00, 0xBF, 0x08, 0x37, 0xBD, 0x46, 
0x80, 0xBD, 0x00, 0xBF, 0x00, 0x08, 0x00, 0x40, 0x80, 0xB4, 0x00, 0xAF, 
0x72, 0xB6, 0x00, 0xBF, 0x00, 0xBF, 0xFD, 0xE7, 0x80, 0xB5, 0x82, 0xB0, 
0x00, 0xAF, 0x00, 0x23, 0x7B, 0x60, 0x12, 0x4B, 0x5B, 0x6C, 0x11, 0x4A, 
0x43, 0xF4, 0x80, 0x43, 0x53, 0x64, 0x0F, 0x4B, 0x5B, 0x6C, 0x03, 0xF4, 
0x80, 0x43, 0x7B, 0x60, 0x7B, 0x68, 0x00, 0x23, 0x3B, 0x60, 0x0B, 0x4B, 
0x1B, 0x6C, 0x0A, 0x4A, 0x43, 0xF0, 0x80, 0x53, 0x13, 0x64, 0x08, 0x4B, 
0x1B, 0x6C, 0x03, 0xF0, 0x80, 0x53, 0x3B, 0x60, 0x3B, 0x68, 0x00, 0x22, 
0x0F, 0x21, 0x6F, 0xF0, 0x01, 0x00, 0x00, 0xF0, 0x57, 0xFA, 0x00, 0xBF, 
0x08, 0x37, 0xBD, 0x46, 0x80, 0xBD, 0x00, 0xBF, 0x00, 0x38, 0x02, 0x40, 
0x80, 0xB5, 0x8E, 0xB0, 0x00, 0xAF, 0x78, 0x60, 0x00, 0x23, 0xFB, 0x62, 
0x00, 0x23, 0xBB, 0x62, 0x00, 0x23, 0xFB, 0x60, 0x33, 0x4B, 0x1B, 0x6C, 
0x32, 0x4A, 0x43, 0xF0, 0x04, 0x03, 0x13, 0x64, 0x30, 0x4B, 0x1B, 0x6C, 
0x03, 0xF0, 0x04, 0x03, 0xFB, 0x60, 0xFB, 0x68, 0x07, 0xF1, 0x10, 0x02, 
0x07, 0xF1, 0x14, 0x03, 0x11, 0x46, 0x18, 0x46, 0x01, 0xF0, 0x82, 0xF8, 
0x3B, 0x6A, 0xFB, 0x62, 0xFB, 0x6A, 0x00, 0x2B, 0x03, 0xD1, 0x01, 0xF0, 
0x53, 0xF8, 0x78, 0x63, 0x04, 0xE0, 0x01, 0xF0, 0x4F, 0xF8, 0x03, 0x46, 
0x5B, 0x00, 0x7B, 0x63, 0x7B, 0x6B, 0x23, 0x4A, 0xA2, 0xFB, 0x03, 0x23, 
0x9B, 0x0C, 0x01, 0x3B, 0xBB, 0x62, 0x21, 0x4B, 0x21, 0x4A, 0x1A, 0x60, 
0x1F, 0x4B, 0x40, 0xF2, 0xE7, 0x32, 0xDA, 0x60, 0x1D, 0x4A, 0xBB, 0x6A, 
0x53, 0x60, 0x1C, 0x4B, 0x00, 0x22, 0x1A, 0x61, 0x1A, 0x4B, 0x00, 0x22, 
0x9A, 0x60, 0x19, 0x4B, 0x00, 0x22, 0x9A, 0x61, 0x17, 0x48, 0x01, 0xF0, 
0x89, 0xF8, 0x03, 0x46, 0x87, 0xF8, 0x33, 0x30, 0x97, 0xF8, 0x33, 0x30, 
0x00, 0x2B, 0x1B, 0xD1, 0x12, 0x48, 0x01, 0xF0, 0xD9, 0xF8, 0x03, 0x46, 
0x87, 0xF8, 0x33, 0x30, 0x97, 0xF8, 0x33, 0x30, 0x00, 0x2B, 0x11, 0xD1, 
0x1E, 0x20, 0x00, 0xF0, 0x0F, 0xFA, 0x7B, 0x68, 0x0F, 0x2B, 0x08, 0xD8, 
0x00, 0x22, 0x79, 0x68, 0x1E, 0x20, 0x00, 0xF0, 0xEB, 0xF9, 0x0A, 0x4A, 
0x7B, 0x68, 0x13, 0x60, 0x02, 0xE0, 0x01, 0x23, 0x87, 0xF8, 0x33, 0x30, 
0x97, 0xF8, 0x33, 0x30, 0x18, 0x46, 0x38, 0x37, 0xBD, 0x46, 0x80, 0xBD, 
0x00, 0x38, 0x02, 0x40, 0x83, 0xDE, 0x1B, 0x43, 0xBC, 0x00, 0x00, 0x20, 
0x00, 0x08, 0x00, 0x40, 0x28, 0x00, 0x00, 0x20, 0x80, 0xB4, 0x00, 0xAF, 
0x00, 0xBF, 0xFD, 0xE7, 0x80, 0xB4, 0x00, 0xAF, 0x00, 0xBF, 0xFD, 0xE7, 
0x80, 0xB4, 0x00, 0xAF, 0x00, 0xBF, 0xFD, 0xE7, 0x80, 0xB4, 0x00, 0xAF, 
0x00, 0xBF, 0xFD, 0xE7, 0x80, 0xB4, 0x00, 0xAF, 0x00, 0xBF, 0xFD, 0xE7, 
0x80, 0xB4, 0x00, 0xAF, 0x00, 0xBF, 0xBD, 0x46, 0x5D, 0xF8, 0x04, 0x7B, 
0x70, 0x47, 0x80, 0xB5, 0x00, 0xAF, 0x01, 0x20, 0x00, 0xF0, 0x94, 0xFB, 
0x00, 0xBF, 0x80, 0xBD, 0x80, 0xB5, 0x00, 0xAF, 0x02, 0x48, 0x01, 0xF0, 
0xF9, 0xF8, 0x00, 0xBF, 0x80, 0xBD, 0x00, 0xBF, 0xBC, 0x00, 0x00, 0x20, 
0x80, 0xB4, 0x00, 0xAF, 0x06, 0x4B, 0xD3, 0xF8, 0x88, 0x30, 0x05, 0x4A, 
0x43, 0xF4, 0x70, 0x03, 0xC2, 0xF8, 0x88, 0x30, 0x00, 0xBF, 0xBD, 0x46, 
0x5D, 0xF8, 0x04, 0x7B, 0x70, 0x47, 0x00, 0xBF, 0x00, 0xED, 0x00, 0xE0, 
0x80, 0xB5, 0x00, 0xAF, 0x11, 0x4B, 0x12, 0x4A, 0x1A, 0x60, 0x10, 0x4B, 
0x4F, 0xF4, 0xE1, 0x32, 0x5A, 0x60, 0x0E, 0x4B, 0x00, 0x22, 0x9A, 0x60, 
0x0C, 0x4B, 0x00, 0x22, 0xDA, 0x60, 0x0B, 0x4B, 0x00, 0x22, 0x1A, 0x61, 
0x09, 0x4B, 0x0C, 0x22, 0x5A, 0x61, 0x08, 0x4B, 0x00, 0x22, 0x9A, 0x61, 
0x06, 0x4B, 0x00, 0x22, 0xDA, 0x61, 0x05, 0x48, 0x01, 0xF0, 0x96, 0xFA, 
0x03, 0x46, 0x00, 0x2B, 0x01, 0xD0, 0xFF, 0xF7, 0xF1, 0xFE, 0x00, 0xBF, 
0x80, 0xBD, 0x00, 0xBF, 0x04, 0x01, 0x00, 0x20, 0x00, 0x44, 0x00, 0x40, 
0x80, 0xB5, 0x8A, 0xB0, 0x00, 0xAF, 0x78, 0x60, 0x07, 0xF1, 0x14, 0x03, 
0x00, 0x22, 0x1A, 0x60, 0x5A, 0x60, 0x9A, 0x60, 0xDA, 0x60, 0x1A, 0x61, 
0x7B, 0x68, 0x1B, 0x68, 0x19, 0x4A, 0x93, 0x42, 0x2B, 0xD1, 0x00, 0x23, 
0x3B, 0x61, 0x18, 0x4B, 0x1B, 0x6C, 0x17, 0x4A, 0x43, 0xF4, 0x00, 0x33, 
0x13, 0x64, 0x15, 0x4B, 0x1B, 0x6C, 0x03, 0xF4, 0x00, 0x33, 0x3B, 0x61, 
0x3B, 0x69, 0x00, 0x23, 0xFB, 0x60, 0x11, 0x4B, 0x1B, 0x6B, 0x10, 0x4A, 
0x43, 0xF0, 0x01, 0x03, 0x13, 0x63, 0x0E, 0x4B, 0x1B, 0x6B, 0x03, 0xF0, 
0x01, 0x03, 0xFB, 0x60, 0xFB, 0x68, 0x0C, 0x23, 0x7B, 0x61, 0x02, 0x23, 
0xBB, 0x61, 0x00, 0x23, 0xFB, 0x61, 0x03, 0x23, 0x3B, 0x62, 0x07, 0x23, 
0x7B, 0x62, 0x07, 0xF1, 0x14, 0x03, 0x19, 0x46, 0x05, 0x48, 0x00, 0xF0, 
0x59, 0xF9, 0x00, 0xBF, 0x28, 0x37, 0xBD, 0x46, 0x80, 0xBD, 0x00, 0xBF, 
0x00, 0x44, 0x00, 0x40, 0x00, 0x38, 0x02, 0x40, 0x00, 0x00, 0x02, 0x40, 
0xDF, 0xF8, 0x34, 0xD0, 0xFF, 0xF7, 0x78, 0xFF, 0x0C, 0x48, 0x0D, 0x49, 
0x0D, 0x4A, 0x00, 0x23, 0x02, 0xE0, 0xD4, 0x58, 0xC4, 0x50, 0x04, 0x33, 
0xC4, 0x18, 0x8C, 0x42, 0xF9, 0xD3, 0x0A, 0x4A, 0x0A, 0x4C, 0x00, 0x23, 
0x01, 0xE0, 0x13, 0x60, 0x04, 0x32, 0xA2, 0x42, 0xFB, 0xD3, 0x04, 0xF0, 
0x47, 0xFB, 0xFF, 0xF7, 0xFB, 0xFD, 0x70, 0x47, 0x00, 0x00, 0x02, 0x20, 
0x00, 0x00, 0x00, 0x20, 0x84, 0x00, 0x00, 0x20, 0x90, 0x15, 0x01, 0x08, 
0x84, 0x00, 0x00, 0x20, 0x78, 0x4C, 0x00, 0x20, 0xFE, 0xE7, 0x00, 0x00, 
0x80, 0xB5, 0x00, 0xAF, 0x0E, 0x4B, 0x1B, 0x68, 0x0D, 0x4A, 0x43, 0xF4, 
0x00, 0x73, 0x13, 0x60, 0x0B, 0x4B, 0x1B, 0x68, 0x0A, 0x4A, 0x43, 0xF4, 
0x80, 0x63, 0x13, 0x60, 0x08, 0x4B, 0x1B, 0x68, 0x07, 0x4A, 0x43, 0xF4, 
0x80, 0x73, 0x13, 0x60, 0x03, 0x20, 0x00, 0xF0, 0xD8, 0xF8, 0x0F, 0x20, 
0xFF, 0xF7, 0x90, 0xFE, 0xFF, 0xF7, 0x62, 0xFE, 0x00, 0x23, 0x18, 0x46, 
0x80, 0xBD, 0x00, 0xBF, 0x00, 0x3C, 0x02, 0x40, 0x80, 0xB4, 0x00, 0xAF, 
0x06, 0x4B, 0x1B, 0x78, 0x1A, 0x46, 0x06, 0x4B, 0x1B, 0x68, 0x13, 0x44, 
0x04, 0x4A, 0x13, 0x60, 0x00, 0xBF, 0xBD, 0x46, 0x5D, 0xF8, 0x04, 0x7B, 
0x70, 0x47, 0x00, 0xBF, 0x2C, 0x00, 0x00, 0x20, 0x4C, 0x01, 0x00, 0x20, 
0x80, 0xB4, 0x00, 0xAF, 0x03, 0x4B, 0x1B, 0x68, 0x18, 0x46, 0xBD, 0x46, 
0x5D, 0xF8, 0x04, 0x7B, 0x70, 0x47, 0x00, 0xBF, 0x4C, 0x01, 0x00, 0x20, 
0x80, 0xB4, 0x85, 0xB0, 0x00, 0xAF, 0x78, 0x60, 0x7B, 0x68, 0x03, 0xF0, 
0x07, 0x03, 0xFB, 0x60, 0x0C, 0x4B, 0xDB, 0x68, 0xBB, 0x60, 0xBA, 0x68, 
0x4F, 0xF6, 0xFF, 0x03, 0x13, 0x40, 0xBB, 0x60, 0xFB, 0x68, 0x1A, 0x02, 
0xBB, 0x68, 0x13, 0x43, 0x43, 0xF0, 0xBF, 0x63, 0x43, 0xF4, 0x00, 0x33, 
0xBB, 0x60, 0x04, 0x4A, 0xBB, 0x68, 0xD3, 0x60, 0x00, 0xBF, 0x14, 0x37, 
0xBD, 0x46, 0x5D, 0xF8, 0x04, 0x7B, 0x70, 0x47, 0x00, 0xED, 0x00, 0xE0, 
0x80, 0xB4, 0x00, 0xAF, 0x04, 0x4B, 0xDB, 0x68, 0x1B, 0x0A, 0x03, 0xF0, 
0x07, 0x03, 0x18, 0x46, 0xBD, 0x46, 0x5D, 0xF8, 0x04, 0x7B, 0x70, 0x47, 
0x00, 0xED, 0x00, 0xE0, 0x80, 0xB4, 0x83, 0xB0, 0x00, 0xAF, 0x03, 0x46, 
0xFB, 0x71, 0x97, 0xF9, 0x07, 0x30, 0x00, 0x2B, 0x0B, 0xDB, 0xFB, 0x79, 
0x03, 0xF0, 0x1F, 0x02, 0x07, 0x49, 0x97, 0xF9, 0x07, 0x30, 0x5B, 0x09, 
0x01, 0x20, 0x00, 0xFA, 0x02, 0xF2, 0x41, 0xF8, 0x23, 0x20, 0x00, 0xBF, 
0x0C, 0x37, 0xBD, 0x46, 0x5D, 0xF8, 0x04, 0x7B, 0x70, 0x47, 0x00, 0xBF, 
0x00, 0xE1, 0x00, 0xE0, 0x80, 0xB4, 0x83, 0xB0, 0x00, 0xAF, 0x03, 0x46, 
0x39, 0x60, 0xFB, 0x71, 0x97, 0xF9, 0x07, 0x30, 0x00, 0x2B, 0x0A, 0xDB, 
0x3B, 0x68, 0xDA, 0xB2, 0x0C, 0x49, 0x97, 0xF9, 0x07, 0x30, 0x12, 0x01, 
0xD2, 0xB2, 0x0B, 0x44, 0x83, 0xF8, 0x00, 0x23, 0x0A, 0xE0, 0x3B, 0x68, 
0xDA, 0xB2, 0x08, 0x49, 0xFB, 0x79, 0x03, 0xF0, 0x0F, 0x03, 0x04, 0x3B, 
0x12, 0x01, 0xD2, 0xB2, 0x0B, 0x44, 0x1A, 0x76, 0x00, 0xBF, 0x0C, 0x37, 
0xBD, 0x46, 0x5D, 0xF8, 0x04, 0x7B, 0x70, 0x47, 0x00, 0xE1, 0x00, 0xE0, 
0x00, 0xED, 0x00, 0xE0, 0x80, 0xB4, 0x89, 0xB0, 0x00, 0xAF, 0xF8, 0x60, 
0xB9, 0x60, 0x7A, 0x60, 0xFB, 0x68, 0x03, 0xF0, 0x07, 0x03, 0xFB, 0x61, 
0xFB, 0x69, 0xC3, 0xF1, 0x07, 0x03, 0x04, 0x2B, 0x28, 0xBF, 0x04, 0x23, 
0xBB, 0x61, 0xFB, 0x69, 0x04, 0x33, 0x06, 0x2B, 0x02, 0xD9, 0xFB, 0x69, 
0x03, 0x3B, 0x00, 0xE0, 0x00, 0x23, 0x7B, 0x61, 0x4F, 0xF0, 0xFF, 0x32, 
0xBB, 0x69, 0x02, 0xFA, 0x03, 0xF3, 0xDA, 0x43, 0xBB, 0x68, 0x1A, 0x40, 
0x7B, 0x69, 0x9A, 0x40, 0x4F, 0xF0, 0xFF, 0x31, 0x7B, 0x69, 0x01, 0xFA, 
0x03, 0xF3, 0xD9, 0x43, 0x7B, 0x68, 0x0B, 0x40, 0x13, 0x43, 0x18, 0x46, 
0x24, 0x37, 0xBD, 0x46, 0x5D, 0xF8, 0x04, 0x7B, 0x70, 0x47, 0x80, 0xB5, 
0x82, 0xB0, 0x00, 0xAF, 0x78, 0x60, 0x78, 0x68, 0xFF, 0xF7, 0x4C, 0xFF, 
0x00, 0xBF, 0x08, 0x37, 0xBD, 0x46, 0x80, 0xBD, 0x80, 0xB5, 0x86, 0xB0, 
0x00, 0xAF, 0x03, 0x46, 0xB9, 0x60, 0x7A, 0x60, 0xFB, 0x73, 0x00, 0x23, 
0x7B, 0x61, 0xFF, 0xF7, 0x61, 0xFF, 0x78, 0x61, 0x7A, 0x68, 0xB9, 0x68, 
0x78, 0x69, 0xFF, 0xF7, 0xB1, 0xFF, 0x02, 0x46, 0x97, 0xF9, 0x0F, 0x30, 
0x11, 0x46, 0x18, 0x46, 0xFF, 0xF7, 0x80, 0xFF, 0x00, 0xBF, 0x18, 0x37, 
0xBD, 0x46, 0x80, 0xBD, 0x80, 0xB5, 0x82, 0xB0, 0x00, 0xAF, 0x03, 0x46, 
0xFB, 0x71, 0x97, 0xF9, 0x07, 0x30, 0x18, 0x46, 0xFF, 0xF7, 0x54, 0xFF, 
0x00, 0xBF, 0x08, 0x37, 0xBD, 0x46, 0x80, 0xBD, 0x80, 0xB4, 0x89, 0xB0, 
0x00, 0xAF, 0x78, 0x60, 0x39, 0x60, 0x00, 0x23, 0x7B, 0x61, 0x00, 0x23, 
0x3B, 0x61, 0x00, 0x23, 0xBB, 0x61, 0x00, 0x23, 0xFB, 0x61, 0x6B, 0xE1, 
0x01, 0x22, 0xFB, 0x69, 0x02, 0xFA, 0x03, 0xF3, 0x7B, 0x61, 0x3B, 0x68, 
0x1B, 0x68, 0x7A, 0x69, 0x13, 0x40, 0x3B, 0x61, 0x3A, 0x69, 0x7B, 0x69, 
0x9A, 0x42, 0x40, 0xF0, 0x5A, 0x81, 0x3B, 0x68, 0x5B, 0x68, 0x03, 0xF0, 
0x03, 0x03, 0x01, 0x2B, 0x05, 0xD0, 0x3B, 0x68, 0x5B, 0x68, 0x03, 0xF0, 
0x03, 0x03, 0x02, 0x2B, 0x30, 0xD1, 0x7B, 0x68, 0x9B, 0x68, 0xBB, 0x61, 
0xFB, 0x69, 0x5B, 0x00, 0x03, 0x22, 0x02, 0xFA, 0x03, 0xF3, 0xDB, 0x43, 
0xBA, 0x69, 0x13, 0x40, 0xBB, 0x61, 0x3B, 0x68, 0xDA, 0x68, 0xFB, 0x69, 
0x5B, 0x00, 0x02, 0xFA, 0x03, 0xF3, 0xBA, 0x69, 0x13, 0x43, 0xBB, 0x61, 
0x7B, 0x68, 0xBA, 0x69, 0x9A, 0x60, 0x7B, 0x68, 0x5B, 0x68, 0xBB, 0x61, 
0x01, 0x22, 0xFB, 0x69, 0x02, 0xFA, 0x03, 0xF3, 0xDB, 0x43, 0xBA, 0x69, 
0x13, 0x40, 0xBB, 0x61, 0x3B, 0x68, 0x5B, 0x68, 0x1B, 0x09, 0x03, 0xF0, 
0x01, 0x02, 0xFB, 0x69, 0x02, 0xFA, 0x03, 0xF3, 0xBA, 0x69, 0x13, 0x43, 
0xBB, 0x61, 0x7B, 0x68, 0xBA, 0x69, 0x5A, 0x60, 0x3B, 0x68, 0x5B, 0x68, 
0x03, 0xF0, 0x03, 0x03, 0x03, 0x2B, 0x17, 0xD0, 0x7B, 0x68, 0xDB, 0x68, 
0xBB, 0x61, 0xFB, 0x69, 0x5B, 0x00, 0x03, 0x22, 0x02, 0xFA, 0x03, 0xF3, 
0xDB, 0x43, 0xBA, 0x69, 0x13, 0x40, 0xBB, 0x61, 0x3B, 0x68, 0x9A, 0x68, 
0xFB, 0x69, 0x5B, 0x00, 0x02, 0xFA, 0x03, 0xF3, 0xBA, 0x69, 0x13, 0x43, 
0xBB, 0x61, 0x7B, 0x68, 0xBA, 0x69, 0xDA, 0x60, 0x3B, 0x68, 0x5B, 0x68, 
0x03, 0xF0, 0x03, 0x03, 0x02, 0x2B, 0x23, 0xD1, 0xFB, 0x69, 0xDA, 0x08, 
0x7B, 0x68, 0x08, 0x32, 0x53, 0xF8, 0x22, 0x30, 0xBB, 0x61, 0xFB, 0x69, 
0x03, 0xF0, 0x07, 0x03, 0x9B, 0x00, 0x0F, 0x22, 0x02, 0xFA, 0x03, 0xF3, 
0xDB, 0x43, 0xBA, 0x69, 0x13, 0x40, 0xBB, 0x61, 0x3B, 0x68, 0x1A, 0x69, 
0xFB, 0x69, 0x03, 0xF0, 0x07, 0x03, 0x9B, 0x00, 0x02, 0xFA, 0x03, 0xF3, 
0xBA, 0x69, 0x13, 0x43, 0xBB, 0x61, 0xFB, 0x69, 0xDA, 0x08, 0x7B, 0x68, 
0x08, 0x32, 0xB9, 0x69, 0x43, 0xF8, 0x22, 0x10, 0x7B, 0x68, 0x1B, 0x68, 
0xBB, 0x61, 0xFB, 0x69, 0x5B, 0x00, 0x03, 0x22, 0x02, 0xFA, 0x03, 0xF3, 
0xDB, 0x43, 0xBA, 0x69, 0x13, 0x40, 0xBB, 0x61, 0x3B, 0x68, 0x5B, 0x68, 
0x03, 0xF0, 0x03, 0x02, 0xFB, 0x69, 0x5B, 0x00, 0x02, 0xFA, 0x03, 0xF3, 
0xBA, 0x69, 0x13, 0x43, 0xBB, 0x61, 0x7B, 0x68, 0xBA, 0x69, 0x1A, 0x60, 
0x3B, 0x68, 0x5B, 0x68, 0x03, 0xF4, 0x40, 0x33, 0x00, 0x2B, 0x00, 0xF0, 
0xB4, 0x80, 0x00, 0x23, 0xFB, 0x60, 0x60, 0x4B, 0x5B, 0x6C, 0x5F, 0x4A, 
0x43, 0xF4, 0x80, 0x43, 0x53, 0x64, 0x5D, 0x4B, 0x5B, 0x6C, 0x03, 0xF4, 
0x80, 0x43, 0xFB, 0x60, 0xFB, 0x68, 0x5B, 0x4A, 0xFB, 0x69, 0x9B, 0x08, 
0x02, 0x33, 0x52, 0xF8, 0x23, 0x30, 0xBB, 0x61, 0xFB, 0x69, 0x03, 0xF0, 
0x03, 0x03, 0x9B, 0x00, 0x0F, 0x22, 0x02, 0xFA, 0x03, 0xF3, 0xDB, 0x43, 
0xBA, 0x69, 0x13, 0x40, 0xBB, 0x61, 0x7B, 0x68, 0x52, 0x4A, 0x93, 0x42, 
0x2B, 0xD0, 0x7B, 0x68, 0x51, 0x4A, 0x93, 0x42, 0x25, 0xD0, 0x7B, 0x68, 
0x50, 0x4A, 0x93, 0x42, 0x1F, 0xD0, 0x7B, 0x68, 0x4F, 0x4A, 0x93, 0x42, 
0x19, 0xD0, 0x7B, 0x68, 0x4E, 0x4A, 0x93, 0x42, 0x13, 0xD0, 0x7B, 0x68, 
0x4D, 0x4A, 0x93, 0x42, 0x0D, 0xD0, 0x7B, 0x68, 0x4C, 0x4A, 0x93, 0x42, 
0x07, 0xD0, 0x7B, 0x68, 0x4B, 0x4A, 0x93, 0x42, 0x01, 0xD1, 0x07, 0x23, 
0x0E, 0xE0, 0x08, 0x23, 0x0C, 0xE0, 0x06, 0x23, 0x0A, 0xE0, 0x05, 0x23, 
0x08, 0xE0, 0x04, 0x23, 0x06, 0xE0, 0x03, 0x23, 0x04, 0xE0, 0x02, 0x23, 
0x02, 0xE0, 0x01, 0x23, 0x00, 0xE0, 0x00, 0x23, 0xFA, 0x69, 0x02, 0xF0, 
0x03, 0x02, 0x92, 0x00, 0x93, 0x40, 0xBA, 0x69, 0x13, 0x43, 0xBB, 0x61, 
0x35, 0x49, 0xFB, 0x69, 0x9B, 0x08, 0x02, 0x33, 0xBA, 0x69, 0x41, 0xF8, 
0x23, 0x20, 0x3B, 0x4B, 0x9B, 0x68, 0xBB, 0x61, 0x3B, 0x69, 0xDB, 0x43, 
0xBA, 0x69, 0x13, 0x40, 0xBB, 0x61, 0x3B, 0x68, 0x5B, 0x68, 0x03, 0xF4, 
0x80, 0x13, 0x00, 0x2B, 0x03, 0xD0, 0xBA, 0x69, 0x3B, 0x69, 0x13, 0x43, 
0xBB, 0x61, 0x32, 0x4A, 0xBB, 0x69, 0x93, 0x60, 0x30, 0x4B, 0xDB, 0x68, 
0xBB, 0x61, 0x3B, 0x69, 0xDB, 0x43, 0xBA, 0x69, 0x13, 0x40, 0xBB, 0x61, 
0x3B, 0x68, 0x5B, 0x68, 0x03, 0xF4, 0x00, 0x13, 0x00, 0x2B, 0x03, 0xD0, 
0xBA, 0x69, 0x3B, 0x69, 0x13, 0x43, 0xBB, 0x61, 0x27, 0x4A, 0xBB, 0x69, 
0xD3, 0x60, 0x26, 0x4B, 0x5B, 0x68, 0xBB, 0x61, 0x3B, 0x69, 0xDB, 0x43, 
0xBA, 0x69, 0x13, 0x40, 0xBB, 0x61, 0x3B, 0x68, 0x5B, 0x68, 0x03, 0xF4, 
0x00, 0x33, 0x00, 0x2B, 0x03, 0xD0, 0xBA, 0x69, 0x3B, 0x69, 0x13, 0x43, 
0xBB, 0x61, 0x1D, 0x4A, 0xBB, 0x69, 0x53, 0x60, 0x1B, 0x4B, 0x1B, 0x68, 
0xBB, 0x61, 0x3B, 0x69, 0xDB, 0x43, 0xBA, 0x69, 0x13, 0x40, 0xBB, 0x61, 
0x3B, 0x68, 0x5B, 0x68, 0x03, 0xF4, 0x80, 0x33, 0x00, 0x2B, 0x03, 0xD0, 
0xBA, 0x69, 0x3B, 0x69, 0x13, 0x43, 0xBB, 0x61, 0x12, 0x4A, 0xBB, 0x69, 
0x13, 0x60, 0xFB, 0x69, 0x01, 0x33, 0xFB, 0x61, 0xFB, 0x69, 0x0F, 0x2B, 
0x7F, 0xF6, 0x90, 0xAE, 0x00, 0xBF, 0x00, 0xBF, 0x24, 0x37, 0xBD, 0x46, 
0x5D, 0xF8, 0x04, 0x7B, 0x70, 0x47, 0x00, 0xBF, 0x00, 0x38, 0x02, 0x40, 
0x00, 0x38, 0x01, 0x40, 0x00, 0x00, 0x02, 0x40, 0x00, 0x04, 0x02, 0x40, 
0x00, 0x08, 0x02, 0x40, 0x00, 0x0C, 0x02, 0x40, 0x00, 0x10, 0x02, 0x40, 
0x00, 0x14, 0x02, 0x40, 0x00, 0x18, 0x02, 0x40, 0x00, 0x1C, 0x02, 0x40, 
0x00, 0x3C, 0x01, 0x40, 0x80, 0xB4, 0x83, 0xB0, 0x00, 0xAF, 0x78, 0x60, 
0x0B, 0x46, 0x7B, 0x80, 0x13, 0x46, 0x7B, 0x70, 0x7B, 0x78, 0x00, 0x2B, 
0x03, 0xD0, 0x7A, 0x88, 0x7B, 0x68, 0x9A, 0x61, 0x03, 0xE0, 0x7B, 0x88, 
0x1A, 0x04, 0x7B, 0x68, 0x9A, 0x61, 0x00, 0xBF, 0x0C, 0x37, 0xBD, 0x46, 
0x5D, 0xF8, 0x04, 0x7B, 0x70, 0x47, 0x00, 0x00, 0x80, 0xB5, 0x82, 0xB0, 
0x00, 0xAF, 0x03, 0x46, 0xFB, 0x80, 0x08, 0x4B, 0x5A, 0x69, 0xFB, 0x88, 
0x13, 0x40, 0x00, 0x2B, 0x06, 0xD0, 0x05, 0x4A, 0xFB, 0x88, 0x53, 0x61, 
0xFB, 0x88, 0x18, 0x46, 0xFF, 0xF7, 0xEC, 0xFA, 0x00, 0xBF, 0x08, 0x37, 
0xBD, 0x46, 0x80, 0xBD, 0x00, 0x3C, 0x01, 0x40, 0x80, 0xB5, 0x86, 0xB0, 
0x00, 0xAF, 0x78, 0x60, 0x7B, 0x68, 0x00, 0x2B, 0x01, 0xD1, 0x01, 0x23, 
0x67, 0xE2, 0x7B, 0x68, 0x1B, 0x68, 0x03, 0xF0, 0x01, 0x03, 0x00, 0x2B, 
0x75, 0xD0, 0x88, 0x4B, 0x9B, 0x68, 0x03, 0xF0, 0x0C, 0x03, 0x04, 0x2B, 
0x0C, 0xD0, 0x85, 0x4B, 0x9B, 0x68, 0x03, 0xF0, 0x0C, 0x03, 0x08, 0x2B, 
0x12, 0xD1, 0x82, 0x4B, 0x5B, 0x68, 0x03, 0xF4, 0x80, 0x03, 0xB3, 0xF5, 
0x80, 0x0F, 0x0B, 0xD1, 0x7E, 0x4B, 0x1B, 0x68, 0x03, 0xF4, 0x00, 0x33, 
0x00, 0x2B, 0x5B, 0xD0, 0x7B, 0x68, 0x5B, 0x68, 0x00, 0x2B, 0x57, 0xD1, 
0x01, 0x23, 0x42, 0xE2, 0x7B, 0x68, 0x5B, 0x68, 0xB3, 0xF5, 0x80, 0x3F, 
0x06, 0xD1, 0x76, 0x4B, 0x1B, 0x68, 0x75, 0x4A, 0x43, 0xF4, 0x80, 0x33, 
0x13, 0x60, 0x1D, 0xE0, 0x7B, 0x68, 0x5B, 0x68, 0xB3, 0xF5, 0xA0, 0x2F, 
0x0C, 0xD1, 0x70, 0x4B, 0x1B, 0x68, 0x6F, 0x4A, 0x43, 0xF4, 0x80, 0x23, 
0x13, 0x60, 0x6D, 0x4B, 0x1B, 0x68, 0x6C, 0x4A, 0x43, 0xF4, 0x80, 0x33, 
0x13, 0x60, 0x0B, 0xE0, 0x69, 0x4B, 0x1B, 0x68, 0x68, 0x4A, 0x23, 0xF4, 
0x80, 0x33, 0x13, 0x60, 0x66, 0x4B, 0x1B, 0x68, 0x65, 0x4A, 0x23, 0xF4, 
0x80, 0x23, 0x13, 0x60, 0x7B, 0x68, 0x5B, 0x68, 0x00, 0x2B, 0x13, 0xD0, 
0xFF, 0xF7, 0xE6, 0xFC, 0x38, 0x61, 0x08, 0xE0, 0xFF, 0xF7, 0xE2, 0xFC, 
0x02, 0x46, 0x3B, 0x69, 0xD3, 0x1A, 0x64, 0x2B, 0x01, 0xD9, 0x03, 0x23, 
0x07, 0xE2, 0x5B, 0x4B, 0x1B, 0x68, 0x03, 0xF4, 0x00, 0x33, 0x00, 0x2B, 
0xF0, 0xD0, 0x14, 0xE0, 0xFF, 0xF7, 0xD2, 0xFC, 0x38, 0x61, 0x08, 0xE0, 
0xFF, 0xF7, 0xCE, 0xFC, 0x02, 0x46, 0x3B, 0x69, 0xD3, 0x1A, 0x64, 0x2B, 
0x01, 0xD9, 0x03, 0x23, 0xF3, 0xE1, 0x51, 0x4B, 0x1B, 0x68, 0x03, 0xF4, 
0x00, 0x33, 0x00, 0x2B, 0xF0, 0xD1, 0x00, 0xE0, 0x00, 0xBF, 0x7B, 0x68, 
0x1B, 0x68, 0x03, 0xF0, 0x02, 0x03, 0x00, 0x2B, 0x63, 0xD0, 0x4A, 0x4B, 
0x9B, 0x68, 0x03, 0xF0, 0x0C, 0x03, 0x00, 0x2B, 0x0B, 0xD0, 0x47, 0x4B, 
0x9B, 0x68, 0x03, 0xF0, 0x0C, 0x03, 0x08, 0x2B, 0x1C, 0xD1, 0x44, 0x4B, 
0x5B, 0x68, 0x03, 0xF4, 0x80, 0x03, 0x00, 0x2B, 0x16, 0xD1, 0x41, 0x4B, 
0x1B, 0x68, 0x03, 0xF0, 0x02, 0x03, 0x00, 0x2B, 0x05, 0xD0, 0x7B, 0x68, 
0xDB, 0x68, 0x01, 0x2B, 0x01, 0xD0, 0x01, 0x23, 0xC7, 0xE1, 0x3B, 0x4B, 
0x1B, 0x68, 0x23, 0xF0, 0xF8, 0x02, 0x7B, 0x68, 0x1B, 0x69, 0xDB, 0x00, 
0x37, 0x49, 0x13, 0x43, 0x0B, 0x60, 0x3A, 0xE0, 0x7B, 0x68, 0xDB, 0x68, 
0x00, 0x2B, 0x20, 0xD0, 0x34, 0x4B, 0x01, 0x22, 0x1A, 0x60, 0xFF, 0xF7, 
0x87, 0xFC, 0x38, 0x61, 0x08, 0xE0, 0xFF, 0xF7, 0x83, 0xFC, 0x02, 0x46, 
0x3B, 0x69, 0xD3, 0x1A, 0x02, 0x2B, 0x01, 0xD9, 0x03, 0x23, 0xA8, 0xE1, 
0x2B, 0x4B, 0x1B, 0x68, 0x03, 0xF0, 0x02, 0x03, 0x00, 0x2B, 0xF0, 0xD0, 
0x28, 0x4B, 0x1B, 0x68, 0x23, 0xF0, 0xF8, 0x02, 0x7B, 0x68, 0x1B, 0x69, 
0xDB, 0x00, 0x25, 0x49, 0x13, 0x43, 0x0B, 0x60, 0x15, 0xE0, 0x24, 0x4B, 
0x00, 0x22, 0x1A, 0x60, 0xFF, 0xF7, 0x66, 0xFC, 0x38, 0x61, 0x08, 0xE0, 
0xFF, 0xF7, 0x62, 0xFC, 0x02, 0x46, 0x3B, 0x69, 0xD3, 0x1A, 0x02, 0x2B, 
0x01, 0xD9, 0x03, 0x23, 0x87, 0xE1, 0x1B, 0x4B, 0x1B, 0x68, 0x03, 0xF0, 
0x02, 0x03, 0x00, 0x2B, 0xF0, 0xD1, 0x7B, 0x68, 0x1B, 0x68, 0x03, 0xF0, 
0x08, 0x03, 0x00, 0x2B, 0x36, 0xD0, 0x7B, 0x68, 0x5B, 0x69, 0x00, 0x2B, 
0x16, 0xD0, 0x15, 0x4B, 0x01, 0x22, 0x1A, 0x60, 0xFF, 0xF7, 0x46, 0xFC, 
0x38, 0x61, 0x08, 0xE0, 0xFF, 0xF7, 0x42, 0xFC, 0x02, 0x46, 0x3B, 0x69, 
0xD3, 0x1A, 0x02, 0x2B, 0x01, 0xD9, 0x03, 0x23, 0x67, 0xE1, 0x0B, 0x4B, 
0x5B, 0x6F, 0x03, 0xF0, 0x02, 0x03, 0x00, 0x2B, 0xF0, 0xD0, 0x1B, 0xE0, 
0x09, 0x4B, 0x00, 0x22, 0x1A, 0x60, 0xFF, 0xF7, 0x2F, 0xFC, 0x38, 0x61, 
0x0E, 0xE0, 0xFF, 0xF7, 0x2B, 0xFC, 0x02, 0x46, 0x3B, 0x69, 0xD3, 0x1A, 
0x02, 0x2B, 0x07, 0xD9, 0x03, 0x23, 0x50, 0xE1, 0x00, 0x38, 0x02, 0x40, 
0x00, 0x00, 0x47, 0x42, 0x80, 0x0E, 0x47, 0x42, 0x88, 0x4B, 0x5B, 0x6F, 
0x03, 0xF0, 0x02, 0x03, 0x00, 0x2B, 0xEA, 0xD1, 0x7B, 0x68, 0x1B, 0x68, 
0x03, 0xF0, 0x04, 0x03, 0x00, 0x2B, 0x00, 0xF0, 0x97, 0x80, 0x00, 0x23, 
0xFB, 0x75, 0x81, 0x4B, 0x1B, 0x6C, 0x03, 0xF0, 0x80, 0x53, 0x00, 0x2B, 
0x0F, 0xD1, 0x00, 0x23, 0xBB, 0x60, 0x7D, 0x4B, 0x1B, 0x6C, 0x7C, 0x4A, 
0x43, 0xF0, 0x80, 0x53, 0x13, 0x64, 0x7A, 0x4B, 0x1B, 0x6C, 0x03, 0xF0, 
0x80, 0x53, 0xBB, 0x60, 0xBB, 0x68, 0x01, 0x23, 0xFB, 0x75, 0x77, 0x4B, 
0x1B, 0x68, 0x03, 0xF4, 0x80, 0x73, 0x00, 0x2B, 0x18, 0xD1, 0x74, 0x4B, 
0x1B, 0x68, 0x73, 0x4A, 0x43, 0xF4, 0x80, 0x73, 0x13, 0x60, 0xFF, 0xF7, 
0xEB, 0xFB, 0x38, 0x61, 0x08, 0xE0, 0xFF, 0xF7, 0xE7, 0xFB, 0x02, 0x46, 
0x3B, 0x69, 0xD3, 0x1A, 0x02, 0x2B, 0x01, 0xD9, 0x03, 0x23, 0x0C, 0xE1, 
0x6A, 0x4B, 0x1B, 0x68, 0x03, 0xF4, 0x80, 0x73, 0x00, 0x2B, 0xF0, 0xD0, 
0x7B, 0x68, 0x9B, 0x68, 0x01, 0x2B, 0x06, 0xD1, 0x64, 0x4B, 0x1B, 0x6F, 
0x63, 0x4A, 0x43, 0xF0, 0x01, 0x03, 0x13, 0x67, 0x1C, 0xE0, 0x7B, 0x68, 
0x9B, 0x68, 0x05, 0x2B, 0x0C, 0xD1, 0x5F, 0x4B, 0x1B, 0x6F, 0x5E, 0x4A, 
0x43, 0xF0, 0x04, 0x03, 0x13, 0x67, 0x5C, 0x4B, 0x1B, 0x6F, 0x5B, 0x4A, 
0x43, 0xF0, 0x01, 0x03, 0x13, 0x67, 0x0B, 0xE0, 0x58, 0x4B, 0x1B, 0x6F, 
0x57, 0x4A, 0x23, 0xF0, 0x01, 0x03, 0x13, 0x67, 0x55, 0x4B, 0x1B, 0x6F, 
0x54, 0x4A, 0x23, 0xF0, 0x04, 0x03, 0x13, 0x67, 0x7B, 0x68, 0x9B, 0x68, 
0x00, 0x2B, 0x15, 0xD0, 0xFF, 0xF7, 0xAC, 0xFB, 0x38, 0x61, 0x0A, 0xE0, 
0xFF, 0xF7, 0xA8, 0xFB, 0x02, 0x46, 0x3B, 0x69, 0xD3, 0x1A, 0x41, 0xF2, 
0x88, 0x32, 0x93, 0x42, 0x01, 0xD9, 0x03, 0x23, 0xCB, 0xE0, 0x49, 0x4B, 
0x1B, 0x6F, 0x03, 0xF0, 0x02, 0x03, 0x00, 0x2B, 0xEE, 0xD0, 0x14, 0xE0, 
0xFF, 0xF7, 0x96, 0xFB, 0x38, 0x61, 0x0A, 0xE0, 0xFF, 0xF7, 0x92, 0xFB, 
0x02, 0x46, 0x3B, 0x69, 0xD3, 0x1A, 0x41, 0xF2, 0x88, 0x32, 0x93, 0x42, 
0x01, 0xD9, 0x03, 0x23, 0xB5, 0xE0, 0x3E, 0x4B, 0x1B, 0x6F, 0x03, 0xF0, 
0x02, 0x03, 0x00, 0x2B, 0xEE, 0xD1, 0xFB, 0x7D, 0x01, 0x2B, 0x05, 0xD1, 
0x39, 0x4B, 0x1B, 0x6C, 0x38, 0x4A, 0x23, 0xF0, 0x80, 0x53, 0x13, 0x64, 
0x7B, 0x68, 0x9B, 0x69, 0x00, 0x2B, 0x00, 0xF0, 0xA1, 0x80, 0x34, 0x4B, 
0x9B, 0x68, 0x03, 0xF0, 0x0C, 0x03, 0x08, 0x2B, 0x5C, 0xD0, 0x7B, 0x68, 
0x9B, 0x69, 0x02, 0x2B, 0x41, 0xD1, 0x31, 0x4B, 0x00, 0x22, 0x1A, 0x60, 
0xFF, 0xF7, 0x66, 0xFB, 0x38, 0x61, 0x08, 0xE0, 0xFF, 0xF7, 0x62, 0xFB, 
0x02, 0x46, 0x3B, 0x69, 0xD3, 0x1A, 0x02, 0x2B, 0x01, 0xD9, 0x03, 0x23, 
0x87, 0xE0, 0x27, 0x4B, 0x1B, 0x68, 0x03, 0xF0, 0x00, 0x73, 0x00, 0x2B, 
0xF0, 0xD1, 0x7B, 0x68, 0xDA, 0x69, 0x7B, 0x68, 0x1B, 0x6A, 0x1A, 0x43, 
0x7B, 0x68, 0x5B, 0x6A, 0x9B, 0x01, 0x1A, 0x43, 0x7B, 0x68, 0x9B, 0x6A, 
0x5B, 0x08, 0x01, 0x3B, 0x1B, 0x04, 0x1A, 0x43, 0x7B, 0x68, 0xDB, 0x6A, 
0x1B, 0x06, 0x1B, 0x49, 0x13, 0x43, 0x4B, 0x60, 0x1B, 0x4B, 0x01, 0x22, 
0x1A, 0x60, 0xFF, 0xF7, 0x3B, 0xFB, 0x38, 0x61, 0x08, 0xE0, 0xFF, 0xF7, 
0x37, 0xFB, 0x02, 0x46, 0x3B, 0x69, 0xD3, 0x1A, 0x02, 0x2B, 0x01, 0xD9, 
0x03, 0x23, 0x5C, 0xE0, 0x11, 0x4B, 0x1B, 0x68, 0x03, 0xF0, 0x00, 0x73, 
0x00, 0x2B, 0xF0, 0xD0, 0x54, 0xE0, 0x10, 0x4B, 0x00, 0x22, 0x1A, 0x60, 
0xFF, 0xF7, 0x24, 0xFB, 0x38, 0x61, 0x08, 0xE0, 0xFF, 0xF7, 0x20, 0xFB, 
0x02, 0x46, 0x3B, 0x69, 0xD3, 0x1A, 0x02, 0x2B, 0x01, 0xD9, 0x03, 0x23, 
0x45, 0xE0, 0x06, 0x4B, 0x1B, 0x68, 0x03, 0xF0, 0x00, 0x73, 0x00, 0x2B, 
0xF0, 0xD1, 0x3D, 0xE0, 0x7B, 0x68, 0x9B, 0x69, 0x01, 0x2B, 0x07, 0xD1, 
0x01, 0x23, 0x38, 0xE0, 0x00, 0x38, 0x02, 0x40, 0x00, 0x70, 0x00, 0x40, 
0x60, 0x00, 0x47, 0x42, 0x1B, 0x4B, 0x5B, 0x68, 0xFB, 0x60, 0x7B, 0x68, 
0x9B, 0x69, 0x01, 0x2B, 0x28, 0xD0, 0xFB, 0x68, 0x03, 0xF4, 0x80, 0x02, 
0x7B, 0x68, 0xDB, 0x69, 0x9A, 0x42, 0x21, 0xD1, 0xFB, 0x68, 0x03, 0xF0, 
0x3F, 0x02, 0x7B, 0x68, 0x1B, 0x6A, 0x9A, 0x42, 0x1A, 0xD1, 0xFA, 0x68, 
0x47, 0xF6, 0xC0, 0x73, 0x13, 0x40, 0x7A, 0x68, 0x52, 0x6A, 0x92, 0x01, 
0x93, 0x42, 0x11, 0xD1, 0xFB, 0x68, 0x03, 0xF4, 0x40, 0x32, 0x7B, 0x68, 
0x9B, 0x6A, 0x5B, 0x08, 0x01, 0x3B, 0x1B, 0x04, 0x9A, 0x42, 0x07, 0xD1, 
0xFB, 0x68, 0x03, 0xF0, 0x70, 0x62, 0x7B, 0x68, 0xDB, 0x6A, 0x1B, 0x06, 
0x9A, 0x42, 0x01, 0xD0, 0x01, 0x23, 0x00, 0xE0, 0x00, 0x23, 0x18, 0x46, 
0x18, 0x37, 0xBD, 0x46, 0x80, 0xBD, 0x00, 0xBF, 0x00, 0x38, 0x02, 0x40, 
0x80, 0xB5, 0x84, 0xB0, 0x00, 0xAF, 0x78, 0x60, 0x39, 0x60, 0x7B, 0x68, 
0x00, 0x2B, 0x01, 0xD1, 0x01, 0x23, 0xCC, 0xE0, 0x68, 0x4B, 0x1B, 0x68, 
0x03, 0xF0, 0x07, 0x03, 0x3A, 0x68, 0x9A, 0x42, 0x0C, 0xD9, 0x65, 0x4B, 
0x3A, 0x68, 0xD2, 0xB2, 0x1A, 0x70, 0x63, 0x4B, 0x1B, 0x68, 0x03, 0xF0, 
0x07, 0x03, 0x3A, 0x68, 0x9A, 0x42, 0x01, 0xD0, 0x01, 0x23, 0xB8, 0xE0, 
0x7B, 0x68, 0x1B, 0x68, 0x03, 0xF0, 0x02, 0x03, 0x00, 0x2B, 0x20, 0xD0, 
0x7B, 0x68, 0x1B, 0x68, 0x03, 0xF0, 0x04, 0x03, 0x00, 0x2B, 0x05, 0xD0, 
0x59, 0x4B, 0x9B, 0x68, 0x58, 0x4A, 0x43, 0xF4, 0xE0, 0x53, 0x93, 0x60, 
0x7B, 0x68, 0x1B, 0x68, 0x03, 0xF0, 0x08, 0x03, 0x00, 0x2B, 0x05, 0xD0, 
0x53, 0x4B, 0x9B, 0x68, 0x52, 0x4A, 0x43, 0xF4, 0x60, 0x43, 0x93, 0x60, 
0x50, 0x4B, 0x9B, 0x68, 0x23, 0xF0, 0xF0, 0x02, 0x7B, 0x68, 0x9B, 0x68, 
0x4D, 0x49, 0x13, 0x43, 0x8B, 0x60, 0x7B, 0x68, 0x1B, 0x68, 0x03, 0xF0, 
0x01, 0x03, 0x00, 0x2B, 0x44, 0xD0, 0x7B, 0x68, 0x5B, 0x68, 0x01, 0x2B, 
0x07, 0xD1, 0x47, 0x4B, 0x1B, 0x68, 0x03, 0xF4, 0x00, 0x33, 0x00, 0x2B, 
0x19, 0xD1, 0x01, 0x23, 0x7F, 0xE0, 0x7B, 0x68, 0x5B, 0x68, 0x02, 0x2B, 
0x03, 0xD0, 0x7B, 0x68, 0x5B, 0x68, 0x03, 0x2B, 0x07, 0xD1, 0x3F, 0x4B, 
0x1B, 0x68, 0x03, 0xF0, 0x00, 0x73, 0x00, 0x2B, 0x09, 0xD1, 0x01, 0x23, 
0x6F, 0xE0, 0x3B, 0x4B, 0x1B, 0x68, 0x03, 0xF0, 0x02, 0x03, 0x00, 0x2B, 
0x01, 0xD1, 0x01, 0x23, 0x67, 0xE0, 0x37, 0x4B, 0x9B, 0x68, 0x23, 0xF0, 
0x03, 0x02, 0x7B, 0x68, 0x5B, 0x68, 0x34, 0x49, 0x13, 0x43, 0x8B, 0x60, 
0xFF, 0xF7, 0x52, 0xFA, 0xF8, 0x60, 0x0A, 0xE0, 0xFF, 0xF7, 0x4E, 0xFA, 
0x02, 0x46, 0xFB, 0x68, 0xD3, 0x1A, 0x41, 0xF2, 0x88, 0x32, 0x93, 0x42, 
0x01, 0xD9, 0x03, 0x23, 0x4F, 0xE0, 0x2B, 0x4B, 0x9B, 0x68, 0x03, 0xF0, 
0x0C, 0x02, 0x7B, 0x68, 0x5B, 0x68, 0x9B, 0x00, 0x9A, 0x42, 0xEB, 0xD1, 
0x25, 0x4B, 0x1B, 0x68, 0x03, 0xF0, 0x07, 0x03, 0x3A, 0x68, 0x9A, 0x42, 
0x0C, 0xD2, 0x22, 0x4B, 0x3A, 0x68, 0xD2, 0xB2, 0x1A, 0x70, 0x20, 0x4B, 
0x1B, 0x68, 0x03, 0xF0, 0x07, 0x03, 0x3A, 0x68, 0x9A, 0x42, 0x01, 0xD0, 
0x01, 0x23, 0x32, 0xE0, 0x7B, 0x68, 0x1B, 0x68, 0x03, 0xF0, 0x04, 0x03, 
0x00, 0x2B, 0x08, 0xD0, 0x19, 0x4B, 0x9B, 0x68, 0x23, 0xF4, 0xE0, 0x52, 
0x7B, 0x68, 0xDB, 0x68, 0x16, 0x49, 0x13, 0x43, 0x8B, 0x60, 0x7B, 0x68, 
0x1B, 0x68, 0x03, 0xF0, 0x08, 0x03, 0x00, 0x2B, 0x09, 0xD0, 0x12, 0x4B, 
0x9B, 0x68, 0x23, 0xF4, 0x60, 0x42, 0x7B, 0x68, 0x1B, 0x69, 0xDB, 0x00, 
0x0E, 0x49, 0x13, 0x43, 0x8B, 0x60, 0x00, 0xF0, 0x21, 0xF8, 0x02, 0x46, 
0x0B, 0x4B, 0x9B, 0x68, 0x1B, 0x09, 0x03, 0xF0, 0x0F, 0x03, 0x0A, 0x49, 
0xCB, 0x5C, 0x22, 0xFA, 0x03, 0xF3, 0x09, 0x4A, 0x13, 0x60, 0x09, 0x4B, 
0x1B, 0x68, 0x18, 0x46, 0xFF, 0xF7, 0x6A, 0xF8, 0x00, 0x23, 0x18, 0x46, 
0x10, 0x37, 0xBD, 0x46, 0x80, 0xBD, 0x00, 0xBF, 0x00, 0x3C, 0x02, 0x40, 
0x00, 0x38, 0x02, 0x40, 0x68, 0x15, 0x01, 0x08, 0x24, 0x00, 0x00, 0x20, 
0x28, 0x00, 0x00, 0x20, 0x2D, 0xE9, 0xB0, 0x4F, 0x90, 0xB0, 0x00, 0xAF, 
0x00, 0x23, 0x7B, 0x63, 0x00, 0x23, 0xFB, 0x63, 0x00, 0x23, 0x3B, 0x63, 
0x00, 0x23, 0xBB, 0x63, 0x59, 0x4B, 0x9B, 0x68, 0x03, 0xF0, 0x0C, 0x03, 
0x08, 0x2B, 0x0D, 0xD0, 0x08, 0x2B, 0x00, 0xF2, 0xA1, 0x80, 0x00, 0x2B, 
0x02, 0xD0, 0x04, 0x2B, 0x03, 0xD0, 0x9B, 0xE0, 0x53, 0x4B, 0xBB, 0x63, 
0x9B, 0xE0, 0x53, 0x4B, 0xBB, 0x63, 0x98, 0xE0, 0x4F, 0x4B, 0x5B, 0x68, 
0x03, 0xF0, 0x3F, 0x03, 0x7B, 0x63, 0x4D, 0x4B, 0x5B, 0x68, 0x03, 0xF4, 
0x80, 0x03, 0x00, 0x2B, 0x28, 0xD0, 0x4A, 0x4B, 0x5B, 0x68, 0x9B, 0x09, 
0x00, 0x22, 0x3B, 0x62, 0x7A, 0x62, 0x3B, 0x6A, 0xC3, 0xF3, 0x08, 0x00, 
0x00, 0x21, 0x47, 0x4B, 0x03, 0xFB, 0x01, 0xF2, 0x00, 0x23, 0x00, 0xFB, 
0x03, 0xF3, 0x13, 0x44, 0x43, 0x4A, 0xA0, 0xFB, 0x02, 0x12, 0xFA, 0x62, 
0x0A, 0x46, 0xBA, 0x62, 0xFA, 0x6A, 0x13, 0x44, 0xFB, 0x62, 0x7B, 0x6B, 
0x00, 0x22, 0xBB, 0x61, 0xFA, 0x61, 0xD7, 0xE9, 0x06, 0x23, 0xD7, 0xE9, 
0x0A, 0x01, 0xFE, 0xF7, 0xB5, 0xFB, 0x02, 0x46, 0x0B, 0x46, 0x13, 0x46, 
0xFB, 0x63, 0x53, 0xE0, 0x35, 0x4B, 0x5B, 0x68, 0x9B, 0x09, 0x00, 0x22, 
0x3B, 0x61, 0x7A, 0x61, 0x3B, 0x69, 0xC3, 0xF3, 0x08, 0x0A, 0x4F, 0xF0, 
0x00, 0x0B, 0x52, 0x46, 0x5B, 0x46, 0x4F, 0xF0, 0x00, 0x00, 0x4F, 0xF0, 
0x00, 0x01, 0x59, 0x01, 0x41, 0xEA, 0xD2, 0x61, 0x50, 0x01, 0x02, 0x46, 
0x0B, 0x46, 0xB2, 0xEB, 0x0A, 0x08, 0x63, 0xEB, 0x0B, 0x09, 0x4F, 0xF0, 
0x00, 0x02, 0x4F, 0xF0, 0x00, 0x03, 0x4F, 0xEA, 0x89, 0x13, 0x43, 0xEA, 
0x98, 0x63, 0x4F, 0xEA, 0x88, 0x12, 0xB2, 0xEB, 0x08, 0x04, 0x63, 0xEB, 
0x09, 0x05, 0x4F, 0xF0, 0x00, 0x02, 0x4F, 0xF0, 0x00, 0x03, 0xEB, 0x00, 
0x43, 0xEA, 0x54, 0x73, 0xE2, 0x00, 0x14, 0x46, 0x1D, 0x46, 0x14, 0xEB, 
0x0A, 0x03, 0x3B, 0x60, 0x45, 0xEB, 0x0B, 0x03, 0x7B, 0x60, 0x4F, 0xF0, 
0x00, 0x02, 0x4F, 0xF0, 0x00, 0x03, 0xD7, 0xE9, 0x00, 0x45, 0x29, 0x46, 
0x8B, 0x02, 0x21, 0x46, 0x43, 0xEA, 0x91, 0x53, 0x21, 0x46, 0x8A, 0x02, 
0x10, 0x46, 0x19, 0x46, 0x7B, 0x6B, 0x00, 0x22, 0xBB, 0x60, 0xFA, 0x60, 
0xD7, 0xE9, 0x02, 0x23, 0xFE, 0xF7, 0x60, 0xFB, 0x02, 0x46, 0x0B, 0x46, 
0x13, 0x46, 0xFB, 0x63, 0x0B, 0x4B, 0x5B, 0x68, 0x1B, 0x0C, 0x03, 0xF0, 
0x03, 0x03, 0x01, 0x33, 0x5B, 0x00, 0x3B, 0x63, 0xFA, 0x6B, 0x3B, 0x6B, 
0xB2, 0xFB, 0xF3, 0xF3, 0xBB, 0x63, 0x02, 0xE0, 0x05, 0x4B, 0xBB, 0x63, 
0x00, 0xBF, 0xBB, 0x6B, 0x18, 0x46, 0x40, 0x37, 0xBD, 0x46, 0xBD, 0xE8, 
0xB0, 0x8F, 0x00, 0xBF, 0x00, 0x38, 0x02, 0x40, 0x00, 0x24, 0xF4, 0x00, 
0x40, 0x78, 0x7D, 0x01, 0x80, 0xB4, 0x00, 0xAF, 0x03, 0x4B, 0x1B, 0x68, 
0x18, 0x46, 0xBD, 0x46, 0x5D, 0xF8, 0x04, 0x7B, 0x70, 0x47, 0x00, 0xBF, 
0x24, 0x00, 0x00, 0x20, 0x80, 0xB5, 0x00, 0xAF, 0xFF, 0xF7, 0xF0, 0xFF, 
0x02, 0x46, 0x05, 0x4B, 0x9B, 0x68, 0x9B, 0x0A, 0x03, 0xF0, 0x07, 0x03, 
0x03, 0x49, 0xCB, 0x5C, 0x22, 0xFA, 0x03, 0xF3, 0x18, 0x46, 0x80, 0xBD, 
0x00, 0x38, 0x02, 0x40, 0x78, 0x15, 0x01, 0x08, 0x80, 0xB5, 0x00, 0xAF, 
0xFF, 0xF7, 0xDC, 0xFF, 0x02, 0x46, 0x05, 0x4B, 0x9B, 0x68, 0x5B, 0x0B, 
0x03, 0xF0, 0x07, 0x03, 0x03, 0x49, 0xCB, 0x5C, 0x22, 0xFA, 0x03, 0xF3, 
0x18, 0x46, 0x80, 0xBD, 0x00, 0x38, 0x02, 0x40, 0x78, 0x15, 0x01, 0x08, 
0x80, 0xB4, 0x83, 0xB0, 0x00, 0xAF, 0x78, 0x60, 0x39, 0x60, 0x7B, 0x68, 
0x0F, 0x22, 0x1A, 0x60, 0x12, 0x4B, 0x9B, 0x68, 0x03, 0xF0, 0x03, 0x02, 
0x7B, 0x68, 0x5A, 0x60, 0x0F, 0x4B, 0x9B, 0x68, 0x03, 0xF0, 0xF0, 0x02, 
0x7B, 0x68, 0x9A, 0x60, 0x0C, 0x4B, 0x9B, 0x68, 0x03, 0xF4, 0xE0, 0x52, 
0x7B, 0x68, 0xDA, 0x60, 0x09, 0x4B, 0x9B, 0x68, 0xDB, 0x08, 0x03, 0xF4, 
0xE0, 0x52, 0x7B, 0x68, 0x1A, 0x61, 0x07, 0x4B, 0x1B, 0x68, 0x03, 0xF0, 
0x07, 0x02, 0x3B, 0x68, 0x1A, 0x60, 0x00, 0xBF, 0x0C, 0x37, 0xBD, 0x46, 
0x5D, 0xF8, 0x04, 0x7B, 0x70, 0x47, 0x00, 0xBF, 0x00, 0x38, 0x02, 0x40, 
0x00, 0x3C, 0x02, 0x40, 0x80, 0xB5, 0x82, 0xB0, 0x00, 0xAF, 0x78, 0x60, 
0x7B, 0x68, 0x00, 0x2B, 0x01, 0xD1, 0x01, 0x23, 0x41, 0xE0, 0x7B, 0x68, 
0x93, 0xF8, 0x3D, 0x30, 0xDB, 0xB2, 0x00, 0x2B, 0x06, 0xD1, 0x7B, 0x68, 
0x00, 0x22, 0x83, 0xF8, 0x3C, 0x20, 0x78, 0x68, 0x00, 0xF0, 0x39, 0xF8, 
0x7B, 0x68, 0x02, 0x22, 0x83, 0xF8, 0x3D, 0x20, 0x7B, 0x68, 0x1A, 0x68, 
0x7B, 0x68, 0x04, 0x33, 0x19, 0x46, 0x10, 0x46, 0x00, 0xF0, 0xC0, 0xF9, 
0x7B, 0x68, 0x01, 0x22, 0x83, 0xF8, 0x46, 0x20, 0x7B, 0x68, 0x01, 0x22, 
0x83, 0xF8, 0x3E, 0x20, 0x7B, 0x68, 0x01, 0x22, 0x83, 0xF8, 0x3F, 0x20, 
0x7B, 0x68, 0x01, 0x22, 0x83, 0xF8, 0x40, 0x20, 0x7B, 0x68, 0x01, 0x22, 
0x83, 0xF8, 0x41, 0x20, 0x7B, 0x68, 0x01, 0x22, 0x83, 0xF8, 0x42, 0x20, 
0x7B, 0x68, 0x01, 0x22, 0x83, 0xF8, 0x43, 0x20, 0x7B, 0x68, 0x01, 0x22, 
0x83, 0xF8, 0x44, 0x20, 0x7B, 0x68, 0x01, 0x22, 0x83, 0xF8, 0x45, 0x20, 
0x7B, 0x68, 0x01, 0x22, 0x83, 0xF8, 0x3D, 0x20, 0x00, 0x23, 0x18, 0x46, 
0x08, 0x37, 0xBD, 0x46, 0x80, 0xBD, 0x80, 0xB4, 0x83, 0xB0, 0x00, 0xAF, 
0x78, 0x60, 0x00, 0xBF, 0x0C, 0x37, 0xBD, 0x46, 0x5D, 0xF8, 0x04, 0x7B, 
0x70, 0x47, 0x00, 0x00, 0x80, 0xB4, 0x85, 0xB0, 0x00, 0xAF, 0x78, 0x60, 
0x7B, 0x68, 0x93, 0xF8, 0x3D, 0x30, 0xDB, 0xB2, 0x01, 0x2B, 0x01, 0xD0, 
0x01, 0x23, 0x4E, 0xE0, 0x7B, 0x68, 0x02, 0x22, 0x83, 0xF8, 0x3D, 0x20, 
0x7B, 0x68, 0x1B, 0x68, 0xDA, 0x68, 0x7B, 0x68, 0x1B, 0x68, 0x42, 0xF0, 
0x01, 0x02, 0xDA, 0x60, 0x7B, 0x68, 0x1B, 0x68, 0x23, 0x4A, 0x93, 0x42, 
0x22, 0xD0, 0x7B, 0x68, 0x1B, 0x68, 0xB3, 0xF1, 0x80, 0x4F, 0x1D, 0xD0, 
0x7B, 0x68, 0x1B, 0x68, 0x1F, 0x4A, 0x93, 0x42, 0x18, 0xD0, 0x7B, 0x68, 
0x1B, 0x68, 0x1E, 0x4A, 0x93, 0x42, 0x13, 0xD0, 0x7B, 0x68, 0x1B, 0x68, 
0x1C, 0x4A, 0x93, 0x42, 0x0E, 0xD0, 0x7B, 0x68, 0x1B, 0x68, 0x1B, 0x4A, 
0x93, 0x42, 0x09, 0xD0, 0x7B, 0x68, 0x1B, 0x68, 0x19, 0x4A, 0x93, 0x42, 
0x04, 0xD0, 0x7B, 0x68, 0x1B, 0x68, 0x18, 0x4A, 0x93, 0x42, 0x11, 0xD1, 
0x7B, 0x68, 0x1B, 0x68, 0x9B, 0x68, 0x03, 0xF0, 0x07, 0x03, 0xFB, 0x60, 
0xFB, 0x68, 0x06, 0x2B, 0x10, 0xD0, 0x7B, 0x68, 0x1B, 0x68, 0x1A, 0x68, 
0x7B, 0x68, 0x1B, 0x68, 0x42, 0xF0, 0x01, 0x02, 0x1A, 0x60, 0x07, 0xE0, 
0x7B, 0x68, 0x1B, 0x68, 0x1A, 0x68, 0x7B, 0x68, 0x1B, 0x68, 0x42, 0xF0, 
0x01, 0x02, 0x1A, 0x60, 0x00, 0x23, 0x18, 0x46, 0x14, 0x37, 0xBD, 0x46, 
0x5D, 0xF8, 0x04, 0x7B, 0x70, 0x47, 0x00, 0xBF, 0x00, 0x00, 0x01, 0x40, 
0x00, 0x04, 0x00, 0x40, 0x00, 0x08, 0x00, 0x40, 0x00, 0x0C, 0x00, 0x40, 
0x00, 0x04, 0x01, 0x40, 0x00, 0x40, 0x01, 0x40, 0x00, 0x18, 0x00, 0x40, 
0x80, 0xB5, 0x84, 0xB0, 0x00, 0xAF, 0x78, 0x60, 0x7B, 0x68, 0x1B, 0x68, 
0xDB, 0x68, 0xFB, 0x60, 0x7B, 0x68, 0x1B, 0x68, 0x1B, 0x69, 0xBB, 0x60, 
0xBB, 0x68, 0x03, 0xF0, 0x02, 0x03, 0x00, 0x2B, 0x20, 0xD0, 0xFB, 0x68, 
0x03, 0xF0, 0x02, 0x03, 0x00, 0x2B, 0x1B, 0xD0, 0x7B, 0x68, 0x1B, 0x68, 
0x6F, 0xF0, 0x02, 0x02, 0x1A, 0x61, 0x7B, 0x68, 0x01, 0x22, 0x1A, 0x77, 
0x7B, 0x68, 0x1B, 0x68, 0x9B, 0x69, 0x03, 0xF0, 0x03, 0x03, 0x00, 0x2B, 
0x03, 0xD0, 0x78, 0x68, 0x00, 0xF0, 0xD2, 0xF8, 0x05, 0xE0, 0x78, 0x68, 
0x00, 0xF0, 0xC4, 0xF8, 0x78, 0x68, 0x00, 0xF0, 0xD5, 0xF8, 0x7B, 0x68, 
0x00, 0x22, 0x1A, 0x77, 0xBB, 0x68, 0x03, 0xF0, 0x04, 0x03, 0x00, 0x2B, 
0x20, 0xD0, 0xFB, 0x68, 0x03, 0xF0, 0x04, 0x03, 0x00, 0x2B, 0x1B, 0xD0, 
0x7B, 0x68, 0x1B, 0x68, 0x6F, 0xF0, 0x04, 0x02, 0x1A, 0x61, 0x7B, 0x68, 
0x02, 0x22, 0x1A, 0x77, 0x7B, 0x68, 0x1B, 0x68, 0x9B, 0x69, 0x03, 0xF4, 
0x40, 0x73, 0x00, 0x2B, 0x03, 0xD0, 0x78, 0x68, 0x00, 0xF0, 0xAC, 0xF8, 
0x05, 0xE0, 0x78, 0x68, 0x00, 0xF0, 0x9E, 0xF8, 0x78, 0x68, 0x00, 0xF0, 
0xAF, 0xF8, 0x7B, 0x68, 0x00, 0x22, 0x1A, 0x77, 0xBB, 0x68, 0x03, 0xF0, 
0x08, 0x03, 0x00, 0x2B, 0x20, 0xD0, 0xFB, 0x68, 0x03, 0xF0, 0x08, 0x03, 
0x00, 0x2B, 0x1B, 0xD0, 0x7B, 0x68, 0x1B, 0x68, 0x6F, 0xF0, 0x08, 0x02, 
0x1A, 0x61, 0x7B, 0x68, 0x04, 0x22, 0x1A, 0x77, 0x7B, 0x68, 0x1B, 0x68, 
0xDB, 0x69, 0x03, 0xF0, 0x03, 0x03, 0x00, 0x2B, 0x03, 0xD0, 0x78, 0x68, 
0x00, 0xF0, 0x86, 0xF8, 0x05, 0xE0, 0x78, 0x68, 0x00, 0xF0, 0x78, 0xF8, 
0x78, 0x68, 0x00, 0xF0, 0x89, 0xF8, 0x7B, 0x68, 0x00, 0x22, 0x1A, 0x77, 
0xBB, 0x68, 0x03, 0xF0, 0x10, 0x03, 0x00, 0x2B, 0x20, 0xD0, 0xFB, 0x68, 
0x03, 0xF0, 0x10, 0x03, 0x00, 0x2B, 0x1B, 0xD0, 0x7B, 0x68, 0x1B, 0x68, 
0x6F, 0xF0, 0x10, 0x02, 0x1A, 0x61, 0x7B, 0x68, 0x08, 0x22, 0x1A, 0x77, 
0x7B, 0x68, 0x1B, 0x68, 0xDB, 0x69, 0x03, 0xF4, 0x40, 0x73, 0x00, 0x2B, 
0x03, 0xD0, 0x78, 0x68, 0x00, 0xF0, 0x60, 0xF8, 0x05, 0xE0, 0x78, 0x68, 
0x00, 0xF0, 0x52, 0xF8, 0x78, 0x68, 0x00, 0xF0, 0x63, 0xF8, 0x7B, 0x68, 
0x00, 0x22, 0x1A, 0x77, 0xBB, 0x68, 0x03, 0xF0, 0x01, 0x03, 0x00, 0x2B, 
0x0C, 0xD0, 0xFB, 0x68, 0x03, 0xF0, 0x01, 0x03, 0x00, 0x2B, 0x07, 0xD0, 
0x7B, 0x68, 0x1B, 0x68, 0x6F, 0xF0, 0x01, 0x02, 0x1A, 0x61, 0x78, 0x68, 
0xFE, 0xF7, 0x6A, 0xFD, 0xBB, 0x68, 0x03, 0xF0, 0x80, 0x03, 0x00, 0x2B, 
0x0C, 0xD0, 0xFB, 0x68, 0x03, 0xF0, 0x80, 0x03, 0x00, 0x2B, 0x07, 0xD0, 
0x7B, 0x68, 0x1B, 0x68, 0x6F, 0xF0, 0x80, 0x02, 0x1A, 0x61, 0x78, 0x68, 
0x00, 0xF0, 0x00, 0xF9, 0xBB, 0x68, 0x03, 0xF0, 0x40, 0x03, 0x00, 0x2B, 
0x0C, 0xD0, 0xFB, 0x68, 0x03, 0xF0, 0x40, 0x03, 0x00, 0x2B, 0x07, 0xD0, 
0x7B, 0x68, 0x1B, 0x68, 0x6F, 0xF0, 0x40, 0x02, 0x1A, 0x61, 0x78, 0x68, 
0x00, 0xF0, 0x34, 0xF8, 0xBB, 0x68, 0x03, 0xF0, 0x20, 0x03, 0x00, 0x2B, 
0x0C, 0xD0, 0xFB, 0x68, 0x03, 0xF0, 0x20, 0x03, 0x00, 0x2B, 0x07, 0xD0, 
0x7B, 0x68, 0x1B, 0x68, 0x6F, 0xF0, 0x20, 0x02, 0x1A, 0x61, 0x78, 0x68, 
0x00, 0xF0, 0xD2, 0xF8, 0x00, 0xBF, 0x10, 0x37, 0xBD, 0x46, 0x80, 0xBD, 
0x80, 0xB4, 0x83, 0xB0, 0x00, 0xAF, 0x78, 0x60, 0x00, 0xBF, 0x0C, 0x37, 
0xBD, 0x46, 0x5D, 0xF8, 0x04, 0x7B, 0x70, 0x47, 0x80, 0xB4, 0x83, 0xB0, 
0x00, 0xAF, 0x78, 0x60, 0x00, 0xBF, 0x0C, 0x37, 0xBD, 0x46, 0x5D, 0xF8, 
0x04, 0x7B, 0x70, 0x47, 0x80, 0xB4, 0x83, 0xB0, 0x00, 0xAF, 0x78, 0x60, 
0x00, 0xBF, 0x0C, 0x37, 0xBD, 0x46, 0x5D, 0xF8, 0x04, 0x7B, 0x70, 0x47, 
0x80, 0xB4, 0x83, 0xB0, 0x00, 0xAF, 0x78, 0x60, 0x00, 0xBF, 0x0C, 0x37, 
0xBD, 0x46, 0x5D, 0xF8, 0x04, 0x7B, 0x70, 0x47, 0x80, 0xB4, 0x85, 0xB0, 
0x00, 0xAF, 0x78, 0x60, 0x39, 0x60, 0x7B, 0x68, 0x1B, 0x68, 0xFB, 0x60, 
0x7B, 0x68, 0x43, 0x4A, 0x93, 0x42, 0x13, 0xD0, 0x7B, 0x68, 0xB3, 0xF1, 
0x80, 0x4F, 0x0F, 0xD0, 0x7B, 0x68, 0x40, 0x4A, 0x93, 0x42, 0x0B, 0xD0, 
0x7B, 0x68, 0x3F, 0x4A, 0x93, 0x42, 0x07, 0xD0, 0x7B, 0x68, 0x3E, 0x4A, 
0x93, 0x42, 0x03, 0xD0, 0x7B, 0x68, 0x3D, 0x4A, 0x93, 0x42, 0x08, 0xD1, 
0xFB, 0x68, 0x23, 0xF0, 0x70, 0x03, 0xFB, 0x60, 0x3B, 0x68, 0x5B, 0x68, 
0xFA, 0x68, 0x13, 0x43, 0xFB, 0x60, 0x7B, 0x68, 0x32, 0x4A, 0x93, 0x42, 
0x2B, 0xD0, 0x7B, 0x68, 0xB3, 0xF1, 0x80, 0x4F, 0x27, 0xD0, 0x7B, 0x68, 
0x2F, 0x4A, 0x93, 0x42, 0x23, 0xD0, 0x7B, 0x68, 0x2E, 0x4A, 0x93, 0x42, 
0x1F, 0xD0, 0x7B, 0x68, 0x2D, 0x4A, 0x93, 0x42, 0x1B, 0xD0, 0x7B, 0x68, 
0x2C, 0x4A, 0x93, 0x42, 0x17, 0xD0, 0x7B, 0x68, 0x2B, 0x4A, 0x93, 0x42, 
0x13, 0xD0, 0x7B, 0x68, 0x2A, 0x4A, 0x93, 0x42, 0x0F, 0xD0, 0x7B, 0x68, 
0x29, 0x4A, 0x93, 0x42, 0x0B, 0xD0, 0x7B, 0x68, 0x28, 0x4A, 0x93, 0x42, 
0x07, 0xD0, 0x7B, 0x68, 0x27, 0x4A, 0x93, 0x42, 0x03, 0xD0, 0x7B, 0x68, 
0x26, 0x4A, 0x93, 0x42, 0x08, 0xD1, 0xFB, 0x68, 0x23, 0xF4, 0x40, 0x73, 
0xFB, 0x60, 0x3B, 0x68, 0xDB, 0x68, 0xFA, 0x68, 0x13, 0x43, 0xFB, 0x60, 
0xFB, 0x68, 0x23, 0xF0, 0x80, 0x02, 0x3B, 0x68, 0x5B, 0x69, 0x13, 0x43, 
0xFB, 0x60, 0x3B, 0x68, 0x9A, 0x68, 0x7B, 0x68, 0xDA, 0x62, 0x3B, 0x68, 
0x1A, 0x68, 0x7B, 0x68, 0x9A, 0x62, 0x7B, 0x68, 0x0E, 0x4A, 0x93, 0x42, 
0x03, 0xD0, 0x7B, 0x68, 0x10, 0x4A, 0x93, 0x42, 0x03, 0xD1, 0x3B, 0x68, 
0x1A, 0x69, 0x7B, 0x68, 0x1A, 0x63, 0x7B, 0x68, 0x1B, 0x68, 0x43, 0xF0, 
0x04, 0x02, 0x7B, 0x68, 0x1A, 0x60, 0x7B, 0x68, 0x01, 0x22, 0x5A, 0x61, 
0x7B, 0x68, 0xFA, 0x68, 0x1A, 0x60, 0x00, 0xBF, 0x14, 0x37, 0xBD, 0x46, 
0x5D, 0xF8, 0x04, 0x7B, 0x70, 0x47, 0x00, 0xBF, 0x00, 0x00, 0x01, 0x40, 
0x00, 0x04, 0x00, 0x40, 0x00, 0x08, 0x00, 0x40, 0x00, 0x0C, 0x00, 0x40, 
0x00, 0x04, 0x01, 0x40, 0x00, 0x40, 0x01, 0x40, 0x00, 0x44, 0x01, 0x40, 
0x00, 0x48, 0x01, 0x40, 0x00, 0x18, 0x00, 0x40, 0x00, 0x1C, 0x00, 0x40, 
0x00, 0x20, 0x00, 0x40, 0x80, 0xB4, 0x83, 0xB0, 0x00, 0xAF, 0x78, 0x60, 
0x00, 0xBF, 0x0C, 0x37, 0xBD, 0x46, 0x5D, 0xF8, 0x04, 0x7B, 0x70, 0x47, 
0x80, 0xB4, 0x83, 0xB0, 0x00, 0xAF, 0x78, 0x60, 0x00, 0xBF, 0x0C, 0x37, 
0xBD, 0x46, 0x5D, 0xF8, 0x04, 0x7B, 0x70, 0x47, 0x80, 0xB5, 0x82, 0xB0, 
0x00, 0xAF, 0x78, 0x60, 0x7B, 0x68, 0x00, 0x2B, 0x01, 0xD1, 0x01, 0x23, 
0x42, 0xE0, 0x7B, 0x68, 0x93, 0xF8, 0x41, 0x30, 0xDB, 0xB2, 0x00, 0x2B, 
0x06, 0xD1, 0x7B, 0x68, 0x00, 0x22, 0x83, 0xF8, 0x40, 0x20, 0x78, 0x68, 
0xFE, 0xF7, 0x60, 0xFD, 0x7B, 0x68, 0x24, 0x22, 0x83, 0xF8, 0x41, 0x20, 
0x7B, 0x68, 0x1B, 0x68, 0xDA, 0x68, 0x7B, 0x68, 0x1B, 0x68, 0x22, 0xF4, 
0x00, 0x52, 0xDA, 0x60, 0x78, 0x68, 0x00, 0xF0, 0x2B, 0xF8, 0x7B, 0x68, 
0x1B, 0x68, 0x1A, 0x69, 0x7B, 0x68, 0x1B, 0x68, 0x22, 0xF4, 0x90, 0x42, 
0x1A, 0x61, 0x7B, 0x68, 0x1B, 0x68, 0x5A, 0x69, 0x7B, 0x68, 0x1B, 0x68, 
0x22, 0xF0, 0x2A, 0x02, 0x5A, 0x61, 0x7B, 0x68, 0x1B, 0x68, 0xDA, 0x68, 
0x7B, 0x68, 0x1B, 0x68, 0x42, 0xF4, 0x00, 0x52, 0xDA, 0x60, 0x7B, 0x68, 
0x00, 0x22, 0x5A, 0x64, 0x7B, 0x68, 0x20, 0x22, 0x83, 0xF8, 0x41, 0x20, 
0x7B, 0x68, 0x20, 0x22, 0x83, 0xF8, 0x42, 0x20, 0x7B, 0x68, 0x00, 0x22, 
0x5A, 0x63, 0x00, 0x23, 0x18, 0x46, 0x08, 0x37, 0xBD, 0x46, 0x80, 0xBD, 
0x2D, 0xE9, 0xB0, 0x4F, 0xC0, 0xB0, 0x00, 0xAF, 0xC7, 0xF8, 0xF4, 0x00, 
0xD7, 0xF8, 0xF4, 0x30, 0x1B, 0x68, 0x1B, 0x69, 0x23, 0xF4, 0x40, 0x50, 
0xD7, 0xF8, 0xF4, 0x30, 0xD9, 0x68, 0xD7, 0xF8, 0xF4, 0x30, 0x1A, 0x68, 
0x40, 0xEA, 0x01, 0x03, 0x13, 0x61, 0xD7, 0xF8, 0xF4, 0x30, 0x9A, 0x68, 
0xD7, 0xF8, 0xF4, 0x30, 0x1B, 0x69, 0x1A, 0x43, 0xD7, 0xF8, 0xF4, 0x30, 
0x5B, 0x69, 0x1A, 0x43, 0xD7, 0xF8, 0xF4, 0x30, 0xDB, 0x69, 0x13, 0x43, 
0xC7, 0xF8, 0xF8, 0x30, 0xD7, 0xF8, 0xF4, 0x30, 0x1B, 0x68, 0xDB, 0x68, 
0x23, 0xF4, 0x16, 0x41, 0x21, 0xF0, 0x0C, 0x01, 0xD7, 0xF8, 0xF4, 0x30, 
0x1A, 0x68, 0xD7, 0xF8, 0xF8, 0x30, 0x0B, 0x43, 0xD3, 0x60, 0xD7, 0xF8, 
0xF4, 0x30, 0x1B, 0x68, 0x5B, 0x69, 0x23, 0xF4, 0x40, 0x70, 0xD7, 0xF8, 
0xF4, 0x30, 0x99, 0x69, 0xD7, 0xF8, 0xF4, 0x30, 0x1A, 0x68, 0x40, 0xEA, 
0x01, 0x03, 0x53, 0x61, 0xD7, 0xF8, 0xF4, 0x30, 0x1A, 0x68, 0x8F, 0x4B, 
0x9A, 0x42, 0x05, 0xD0, 0xD7, 0xF8, 0xF4, 0x30, 0x1A, 0x68, 0x8D, 0x4B, 
0x9A, 0x42, 0x04, 0xD1, 0xFF, 0xF7, 0x7C, 0xFC, 0xC7, 0xF8, 0xFC, 0x00, 
0x03, 0xE0, 0xFF, 0xF7, 0x63, 0xFC, 0xC7, 0xF8, 0xFC, 0x00, 0xD7, 0xF8, 
0xF4, 0x30, 0xDB, 0x69, 0xB3, 0xF5, 0x00, 0x4F, 0x40, 0xF0, 0x0C, 0x81, 
0xD7, 0xF8, 0xFC, 0x30, 0x00, 0x22, 0xC7, 0xF8, 0xE8, 0x30, 0xC7, 0xF8, 
0xEC, 0x20, 0xD7, 0xE9, 0x3A, 0x45, 0x22, 0x46, 0x2B, 0x46, 0x91, 0x18, 
0xB9, 0x65, 0x5B, 0x41, 0xFB, 0x65, 0xD7, 0xE9, 0x16, 0x23, 0x21, 0x46, 
0x12, 0xEB, 0x01, 0x08, 0x29, 0x46, 0x43, 0xEB, 0x01, 0x09, 0x4F, 0xF0, 
0x00, 0x02, 0x4F, 0xF0, 0x00, 0x03, 0x4F, 0xEA, 0xC9, 0x03, 0x43, 0xEA, 
0x58, 0x73, 0x4F, 0xEA, 0xC8, 0x02, 0x90, 0x46, 0x99, 0x46, 0x23, 0x46, 
0x18, 0xEB, 0x03, 0x03, 0xC7, 0xF8, 0xE0, 0x30, 0x2B, 0x46, 0x49, 0xEB, 
0x03, 0x03, 0xC7, 0xF8, 0xE4, 0x30, 0xD7, 0xF8, 0xF4, 0x30, 0x5B, 0x68, 
0x00, 0x22, 0xC7, 0xF8, 0xD8, 0x30, 0xC7, 0xF8, 0xDC, 0x20, 0xD7, 0xE9, 
0x36, 0x12, 0x0B, 0x46, 0xDB, 0x18, 0x3B, 0x65, 0x13, 0x46, 0x42, 0xEB, 
0x03, 0x03, 0x7B, 0x65, 0xD7, 0xE9, 0x14, 0x23, 0xD7, 0xE9, 0x38, 0x01, 
0xFD, 0xF7, 0x48, 0xFF, 0x02, 0x46, 0x0B, 0x46, 0x61, 0x4B, 0xA3, 0xFB, 
0x02, 0x23, 0x5B, 0x09, 0x1C, 0x01, 0xD7, 0xF8, 0xFC, 0x30, 0x00, 0x22, 
0xC7, 0xF8, 0xD0, 0x30, 0xC7, 0xF8, 0xD4, 0x20, 0xD7, 0xE9, 0x34, 0x89, 
0x42, 0x46, 0x4B, 0x46, 0x91, 0x18, 0xB9, 0x64, 0x5B, 0x41, 0xFB, 0x64, 
0xD7, 0xE9, 0x12, 0x23, 0x41, 0x46, 0x12, 0xEB, 0x01, 0x0A, 0x49, 0x46, 
0x43, 0xEB, 0x01, 0x0B, 0x4F, 0xF0, 0x00, 0x02, 0x4F, 0xF0, 0x00, 0x03, 
0x4F, 0xEA, 0xCB, 0x03, 0x43, 0xEA, 0x5A, 0x73, 0x4F, 0xEA, 0xCA, 0x02, 
0x92, 0x46, 0x9B, 0x46, 0x43, 0x46, 0x1A, 0xEB, 0x03, 0x03, 0xC7, 0xF8, 
0xC8, 0x30, 0x4B, 0x46, 0x4B, 0xEB, 0x03, 0x03, 0xC7, 0xF8, 0xCC, 0x30, 
0xD7, 0xF8, 0xF4, 0x30, 0x5B, 0x68, 0x00, 0x22, 0xC7, 0xF8, 0xC0, 0x30, 
0xC7, 0xF8, 0xC4, 0x20, 0xD7, 0xE9, 0x30, 0x12, 0x0B, 0x46, 0xDB, 0x18, 
0x3B, 0x64, 0x13, 0x46, 0x42, 0xEB, 0x03, 0x03, 0x7B, 0x64, 0xD7, 0xE9, 
0x10, 0x23, 0xD7, 0xE9, 0x32, 0x01, 0xFD, 0xF7, 0xFD, 0xFE, 0x02, 0x46, 
0x0B, 0x46, 0x11, 0x46, 0x3B, 0x4B, 0xA3, 0xFB, 0x01, 0x23, 0x5B, 0x09, 
0x64, 0x22, 0x02, 0xFB, 0x03, 0xF3, 0xCB, 0x1A, 0xDB, 0x00, 0x03, 0xF1, 
0x32, 0x02, 0x36, 0x4B, 0xA3, 0xFB, 0x02, 0x23, 0x5B, 0x09, 0x5B, 0x00, 
0x03, 0xF4, 0xF8, 0x73, 0x1C, 0x44, 0xD7, 0xF8, 0xFC, 0x30, 0x00, 0x22, 
0xC7, 0xF8, 0xB8, 0x30, 0xC7, 0xF8, 0xBC, 0x20, 0xD7, 0xE9, 0x2E, 0x89, 
0x42, 0x46, 0x4B, 0x46, 0x91, 0x18, 0xB9, 0x63, 0x5B, 0x41, 0xFB, 0x63, 
0xD7, 0xE9, 0x0E, 0x23, 0x41, 0x46, 0x51, 0x18, 0x39, 0x63, 0x49, 0x46, 
0x4B, 0x41, 0x7B, 0x63, 0x4F, 0xF0, 0x00, 0x02, 0x4F, 0xF0, 0x00, 0x03, 
0xD7, 0xE9, 0x0C, 0xAB, 0x59, 0x46, 0xCB, 0x00, 0x51, 0x46, 0x43, 0xEA, 
0x51, 0x73, 0x51, 0x46, 0xCA, 0x00, 0x10, 0x46, 0x19, 0x46, 0x03, 0x46, 
0x42, 0x46, 0x9B, 0x18, 0xC7, 0xF8, 0xB0, 0x30, 0x4B, 0x46, 0x0A, 0x46, 
0x42, 0xEB, 0x03, 0x03, 0xC7, 0xF8, 0xB4, 0x30, 0xD7, 0xF8, 0xF4, 0x30, 
0x5B, 0x68, 0x00, 0x22, 0xC7, 0xF8, 0xA8, 0x30, 0xC7, 0xF8, 0xAC, 0x20, 
0xD7, 0xE9, 0x2A, 0x12, 0x0B, 0x46, 0xDB, 0x18, 0xBB, 0x62, 0x13, 0x46, 
0x42, 0xEB, 0x03, 0x03, 0xFB, 0x62, 0xD7, 0xE9, 0x0A, 0x23, 0xD7, 0xE9, 
0x2C, 0x01, 0xFD, 0xF7, 0x9F, 0xFE, 0x02, 0x46, 0x0B, 0x46, 0x0D, 0x4B, 
0xA3, 0xFB, 0x02, 0x13, 0x5B, 0x09, 0x64, 0x21, 0x01, 0xFB, 0x03, 0xF3, 
0xD3, 0x1A, 0xDB, 0x00, 0x32, 0x33, 0x08, 0x4A, 0xA2, 0xFB, 0x03, 0x23, 
0x5B, 0x09, 0x03, 0xF0, 0x07, 0x02, 0xD7, 0xF8, 0xF4, 0x30, 0x1B, 0x68, 
0x22, 0x44, 0x9A, 0x60, 0x06, 0xE1, 0x00, 0xBF, 0x00, 0x10, 0x01, 0x40, 
0x00, 0x14, 0x01, 0x40, 0x1F, 0x85, 0xEB, 0x51, 0xD7, 0xF8, 0xFC, 0x30, 
0x00, 0x22, 0xC7, 0xF8, 0xA0, 0x30, 0xC7, 0xF8, 0xA4, 0x20, 0xD7, 0xE9, 
0x28, 0x89, 0x42, 0x46, 0x4B, 0x46, 0x91, 0x18, 0x39, 0x62, 0x5B, 0x41, 
0x7B, 0x62, 0xD7, 0xE9, 0x08, 0x23, 0x41, 0x46, 0x54, 0x18, 0x49, 0x46, 
0x43, 0xEB, 0x01, 0x05, 0x4F, 0xF0, 0x00, 0x02, 0x4F, 0xF0, 0x00, 0x03, 
0xEB, 0x00, 0x43, 0xEA, 0x54, 0x73, 0xE2, 0x00, 0x14, 0x46, 0x1D, 0x46, 
0x43, 0x46, 0xE3, 0x18, 0xC7, 0xF8, 0x98, 0x30, 0x4B, 0x46, 0x45, 0xEB, 
0x03, 0x03, 0xC7, 0xF8, 0x9C, 0x30, 0xD7, 0xF8, 0xF4, 0x30, 0x5B, 0x68, 
0x00, 0x22, 0xC7, 0xF8, 0x90, 0x30, 0xC7, 0xF8, 0x94, 0x20, 0x4F, 0xF0, 
0x00, 0x02, 0x4F, 0xF0, 0x00, 0x03, 0xD7, 0xE9, 0x24, 0x45, 0x29, 0x46, 
0x8B, 0x00, 0x21, 0x46, 0x43, 0xEA, 0x91, 0x73, 0x21, 0x46, 0x8A, 0x00, 
0xD7, 0xE9, 0x26, 0x01, 0xFD, 0xF7, 0x3E, 0xFE, 0x02, 0x46, 0x0B, 0x46, 
0x60, 0x4B, 0xA3, 0xFB, 0x02, 0x23, 0x5B, 0x09, 0x1C, 0x01, 0xD7, 0xF8, 
0xFC, 0x30, 0x00, 0x22, 0xC7, 0xF8, 0x88, 0x30, 0xC7, 0xF8, 0x8C, 0x20, 
0xD7, 0xE9, 0x22, 0x89, 0x42, 0x46, 0x4B, 0x46, 0x91, 0x18, 0xB9, 0x61, 
0x5B, 0x41, 0xFB, 0x61, 0xD7, 0xE9, 0x06, 0x23, 0x41, 0x46, 0x51, 0x18, 
0x39, 0x61, 0x49, 0x46, 0x4B, 0x41, 0x7B, 0x61, 0x4F, 0xF0, 0x00, 0x02, 
0x4F, 0xF0, 0x00, 0x03, 0xD7, 0xE9, 0x04, 0xAB, 0x59, 0x46, 0xCB, 0x00, 
0x51, 0x46, 0x43, 0xEA, 0x51, 0x73, 0x51, 0x46, 0xCA, 0x00, 0x10, 0x46, 
0x19, 0x46, 0x03, 0x46, 0x42, 0x46, 0x9B, 0x18, 0xC7, 0xF8, 0x80, 0x30, 
0x4B, 0x46, 0x0A, 0x46, 0x42, 0xEB, 0x03, 0x03, 0xC7, 0xF8, 0x84, 0x30, 
0xD7, 0xF8, 0xF4, 0x30, 0x5B, 0x68, 0x00, 0x22, 0xBB, 0x67, 0xFA, 0x67, 
0x4F, 0xF0, 0x00, 0x02, 0x4F, 0xF0, 0x00, 0x03, 0xD7, 0xE9, 0x1E, 0x89, 
0x49, 0x46, 0x8B, 0x00, 0x41, 0x46, 0x43, 0xEA, 0x91, 0x73, 0x41, 0x46, 
0x8A, 0x00, 0xD7, 0xE9, 0x20, 0x01, 0xFD, 0xF7, 0xEF, 0xFD, 0x02, 0x46, 
0x0B, 0x46, 0x11, 0x46, 0x38, 0x4B, 0xA3, 0xFB, 0x01, 0x23, 0x5B, 0x09, 
0x64, 0x22, 0x02, 0xFB, 0x03, 0xF3, 0xCB, 0x1A, 0x1B, 0x01, 0x32, 0x33, 
0x33, 0x4A, 0xA2, 0xFB, 0x03, 0x23, 0x5B, 0x09, 0x03, 0xF0, 0xF0, 0x03, 
0x1C, 0x44, 0xD7, 0xF8, 0xFC, 0x30, 0x00, 0x22, 0x3B, 0x67, 0x7A, 0x67, 
0xD7, 0xE9, 0x1C, 0x89, 0x42, 0x46, 0x4B, 0x46, 0x91, 0x18, 0xB9, 0x60, 
0x5B, 0x41, 0xFB, 0x60, 0xD7, 0xE9, 0x02, 0x23, 0x41, 0x46, 0x51, 0x18, 
0x39, 0x60, 0x49, 0x46, 0x4B, 0x41, 0x7B, 0x60, 0x4F, 0xF0, 0x00, 0x02, 
0x4F, 0xF0, 0x00, 0x03, 0xD7, 0xE9, 0x00, 0xAB, 0x59, 0x46, 0xCB, 0x00, 
0x51, 0x46, 0x43, 0xEA, 0x51, 0x73, 0x51, 0x46, 0xCA, 0x00, 0x10, 0x46, 
0x19, 0x46, 0x03, 0x46, 0x42, 0x46, 0x9B, 0x18, 0xBB, 0x66, 0x4B, 0x46, 
0x0A, 0x46, 0x42, 0xEB, 0x03, 0x03, 0xFB, 0x66, 0xD7, 0xF8, 0xF4, 0x30, 
0x5B, 0x68, 0x00, 0x22, 0x3B, 0x66, 0x7A, 0x66, 0x4F, 0xF0, 0x00, 0x02, 
0x4F, 0xF0, 0x00, 0x03, 0xD7, 0xE9, 0x18, 0x89, 0x49, 0x46, 0x8B, 0x00, 
0x41, 0x46, 0x43, 0xEA, 0x91, 0x73, 0x41, 0x46, 0x8A, 0x00, 0xD7, 0xE9, 
0x1A, 0x01, 0xFD, 0xF7, 0x97, 0xFD, 0x02, 0x46, 0x0B, 0x46, 0x0D, 0x4B, 
0xA3, 0xFB, 0x02, 0x13, 0x5B, 0x09, 0x64, 0x21, 0x01, 0xFB, 0x03, 0xF3, 
0xD3, 0x1A, 0x1B, 0x01, 0x32, 0x33, 0x08, 0x4A, 0xA2, 0xFB, 0x03, 0x23, 
0x5B, 0x09, 0x03, 0xF0, 0x0F, 0x02, 0xD7, 0xF8, 0xF4, 0x30, 0x1B, 0x68, 
0x22, 0x44, 0x9A, 0x60, 0x00, 0xBF, 0x07, 0xF5, 0x80, 0x77, 0xBD, 0x46, 
0xBD, 0xE8, 0xB0, 0x8F, 0x1F, 0x85, 0xEB, 0x51, 0x80, 0xB4, 0x83, 0xB0, 
0x00, 0xAF, 0x03, 0x46, 0x39, 0x60, 0xFB, 0x71, 0x97, 0xF9, 0x07, 0x30, 
0x00, 0x2B, 0x0A, 0xDB, 0x3B, 0x68, 0xDA, 0xB2, 0x0C, 0x49, 0x97, 0xF9, 
0x07, 0x30, 0x12, 0x01, 0xD2, 0xB2, 0x0B, 0x44, 0x83, 0xF8, 0x00, 0x23, 
0x0A, 0xE0, 0x3B, 0x68, 0xDA, 0xB2, 0x08, 0x49, 0xFB, 0x79, 0x03, 0xF0, 
0x0F, 0x03, 0x04, 0x3B, 0x12, 0x01, 0xD2, 0xB2, 0x0B, 0x44, 0x1A, 0x76, 
0x00, 0xBF, 0x0C, 0x37, 0xBD, 0x46, 0x5D, 0xF8, 0x04, 0x7B, 0x70, 0x47, 
0x00, 0xE1, 0x00, 0xE0, 0x00, 0xED, 0x00, 0xE0, 0x80, 0xB5, 0x00, 0xAF, 
0x05, 0x4B, 0x1B, 0x68, 0x01, 0xF0, 0x46, 0xFD, 0x03, 0x46, 0x01, 0x2B, 
0x01, 0xD0, 0x02, 0xF0, 0x3F, 0xFB, 0x00, 0xBF, 0x80, 0xBD, 0x00, 0xBF, 
0x10, 0xE0, 0x00, 0xE0, 0x80, 0xB5, 0x00, 0xAF, 0x00, 0x21, 0x6F, 0xF0, 
0x04, 0x00, 0xFF, 0xF7, 0xBF, 0xFF, 0x00, 0xBF, 0x80, 0xBD, 0x00, 0x00, 
0x80, 0xB4, 0x83, 0xB0, 0x00, 0xAF, 0xEF, 0xF3, 0x05, 0x83, 0x3B, 0x60, 
0x3B, 0x68, 0x00, 0x2B, 0x03, 0xD0, 0x6F, 0xF0, 0x05, 0x03, 0x7B, 0x60, 
0x0C, 0xE0, 0x0A, 0x4B, 0x1B, 0x68, 0x00, 0x2B, 0x05, 0xD1, 0x08, 0x4B, 
0x01, 0x22, 0x1A, 0x60, 0x00, 0x23, 0x7B, 0x60, 0x02, 0xE0, 0x4F, 0xF0, 
0xFF, 0x33, 0x7B, 0x60, 0x7B, 0x68, 0x18, 0x46, 0x0C, 0x37, 0xBD, 0x46, 
0x5D, 0xF8, 0x04, 0x7B, 0x70, 0x47, 0x00, 0xBF, 0x50, 0x01, 0x00, 0x20, 
0x80, 0xB5, 0x82, 0xB0, 0x00, 0xAF, 0xEF, 0xF3, 0x05, 0x83, 0x3B, 0x60, 
0x3B, 0x68, 0x00, 0x2B, 0x03, 0xD0, 0x6F, 0xF0, 0x05, 0x03, 0x7B, 0x60, 
0x10, 0xE0, 0x0B, 0x4B, 0x1B, 0x68, 0x01, 0x2B, 0x09, 0xD1, 0xFF, 0xF7, 
0xBF, 0xFF, 0x08, 0x4B, 0x02, 0x22, 0x1A, 0x60, 0x01, 0xF0, 0x92, 0xF8, 
0x00, 0x23, 0x7B, 0x60, 0x02, 0xE0, 0x4F, 0xF0, 0xFF, 0x33, 0x7B, 0x60, 
0x7B, 0x68, 0x18, 0x46, 0x08, 0x37, 0xBD, 0x46, 0x80, 0xBD, 0x00, 0xBF, 
0x50, 0x01, 0x00, 0x20, 0x80, 0xB5, 0x8E, 0xB0, 0x04, 0xAF, 0xF8, 0x60, 
0xB9, 0x60, 0x7A, 0x60, 0x00, 0x23, 0x3B, 0x61, 0xEF, 0xF3, 0x05, 0x83, 
0x7B, 0x61, 0x7B, 0x69, 0x00, 0x2B, 0x7E, 0xD1, 0xFB, 0x68, 0x00, 0x2B, 
0x7B, 0xD0, 0x80, 0x23, 0x3B, 0x62, 0x18, 0x23, 0xFB, 0x61, 0x00, 0x23, 
0x7B, 0x62, 0x4F, 0xF0, 0xFF, 0x33, 0xBB, 0x61, 0x7B, 0x68, 0x00, 0x2B, 
0x45, 0xD0, 0x7B, 0x68, 0x1B, 0x68, 0x00, 0x2B, 0x02, 0xD0, 0x7B, 0x68, 
0x1B, 0x68, 0x7B, 0x62, 0x7B, 0x68, 0x9B, 0x69, 0x00, 0x2B, 0x02, 0xD0, 
0x7B, 0x68, 0x9B, 0x69, 0xFB, 0x61, 0xFB, 0x69, 0x00, 0x2B, 0x08, 0xD0, 
0xFB, 0x69, 0x38, 0x2B, 0x05, 0xD8, 0x7B, 0x68, 0x5B, 0x68, 0x03, 0xF0, 
0x01, 0x03, 0x00, 0x2B, 0x01, 0xD0, 0x00, 0x23, 0x54, 0xE0, 0x7B, 0x68, 
0x5B, 0x69, 0x00, 0x2B, 0x03, 0xD0, 0x7B, 0x68, 0x5B, 0x69, 0x9B, 0x08, 
0x3B, 0x62, 0x7B, 0x68, 0x9B, 0x68, 0x00, 0x2B, 0x0E, 0xD0, 0x7B, 0x68, 
0xDB, 0x68, 0xA7, 0x2B, 0x0A, 0xD9, 0x7B, 0x68, 0x1B, 0x69, 0x00, 0x2B, 
0x06, 0xD0, 0x7B, 0x68, 0x5B, 0x69, 0x00, 0x2B, 0x02, 0xD0, 0x01, 0x23, 
0xBB, 0x61, 0x10, 0xE0, 0x7B, 0x68, 0x9B, 0x68, 0x00, 0x2B, 0x0C, 0xD1, 
0x7B, 0x68, 0xDB, 0x68, 0x00, 0x2B, 0x08, 0xD1, 0x7B, 0x68, 0x1B, 0x69, 
0x00, 0x2B, 0x04, 0xD1, 0x00, 0x23, 0xBB, 0x61, 0x01, 0xE0, 0x00, 0x23, 
0xBB, 0x61, 0xBB, 0x69, 0x01, 0x2B, 0x10, 0xD1, 0x7B, 0x68, 0x1B, 0x69, 
0x7A, 0x68, 0x92, 0x68, 0x02, 0x92, 0x01, 0x93, 0xFB, 0x69, 0x00, 0x93, 
0xBB, 0x68, 0x3A, 0x6A, 0x79, 0x6A, 0xF8, 0x68, 0x00, 0xF0, 0x1A, 0xFE, 
0x03, 0x46, 0x3B, 0x61, 0x13, 0xE0, 0xBB, 0x69, 0x00, 0x2B, 0x10, 0xD1, 
0x3B, 0x6A, 0x9A, 0xB2, 0x07, 0xF1, 0x10, 0x03, 0x01, 0x93, 0xFB, 0x69, 
0x00, 0x93, 0xBB, 0x68, 0x79, 0x6A, 0xF8, 0x68, 0x00, 0xF0, 0x68, 0xFE, 
0x03, 0x46, 0x01, 0x2B, 0x01, 0xD0, 0x00, 0x23, 0x3B, 0x61, 0x3B, 0x69, 
0x18, 0x46, 0x28, 0x37, 0xBD, 0x46, 0x80, 0xBD, 0x80, 0xB5, 0x84, 0xB0, 
0x00, 0xAF, 0x78, 0x60, 0xEF, 0xF3, 0x05, 0x83, 0xBB, 0x60, 0xBB, 0x68, 
0x00, 0x2B, 0x03, 0xD0, 0x6F, 0xF0, 0x05, 0x03, 0xFB, 0x60, 0x07, 0xE0, 
0x00, 0x23, 0xFB, 0x60, 0x7B, 0x68, 0x00, 0x2B, 0x02, 0xD0, 0x78, 0x68, 
0x00, 0xF0, 0xA6, 0xFF, 0xFB, 0x68, 0x18, 0x46, 0x10, 0x37, 0xBD, 0x46, 
0x80, 0xBD, 0x00, 0x00, 0x80, 0xB4, 0x85, 0xB0, 0x00, 0xAF, 0xF8, 0x60, 
0xB9, 0x60, 0x7A, 0x60, 0xFB, 0x68, 0x07, 0x4A, 0x1A, 0x60, 0xBB, 0x68, 
0x06, 0x4A, 0x1A, 0x60, 0x7B, 0x68, 0x80, 0x22, 0x1A, 0x60, 0x00, 0xBF, 
0x14, 0x37, 0xBD, 0x46, 0x5D, 0xF8, 0x04, 0x7B, 0x70, 0x47, 0x00, 0xBF, 
0x54, 0x01, 0x00, 0x20, 0xFC, 0x01, 0x00, 0x20, 0x80, 0xB4, 0x85, 0xB0, 
0x00, 0xAF, 0xF8, 0x60, 0xB9, 0x60, 0x7A, 0x60, 0xFB, 0x68, 0x07, 0x4A, 
0x1A, 0x60, 0xBB, 0x68, 0x06, 0x4A, 0x1A, 0x60, 0x7B, 0x68, 0x4F, 0xF4, 
0x80, 0x72, 0x1A, 0x60, 0x00, 0xBF, 0x14, 0x37, 0xBD, 0x46, 0x5D, 0xF8, 
0x04, 0x7B, 0x70, 0x47, 0xFC, 0x03, 0x00, 0x20, 0xA4, 0x04, 0x00, 0x20, 
0x80, 0xB4, 0x83, 0xB0, 0x00, 0xAF, 0x78, 0x60, 0x7B, 0x68, 0x03, 0xF1, 
0x08, 0x02, 0x7B, 0x68, 0x5A, 0x60, 0x7B, 0x68, 0x4F, 0xF0, 0xFF, 0x32, 
0x9A, 0x60, 0x7B, 0x68, 0x03, 0xF1, 0x08, 0x02, 0x7B, 0x68, 0xDA, 0x60, 
0x7B, 0x68, 0x03, 0xF1, 0x08, 0x02, 0x7B, 0x68, 0x1A, 0x61, 0x7B, 0x68, 
0x00, 0x22, 0x1A, 0x60, 0x00, 0xBF, 0x0C, 0x37, 0xBD, 0x46, 0x5D, 0xF8, 
0x04, 0x7B, 0x70, 0x47, 0x80, 0xB4, 0x83, 0xB0, 0x00, 0xAF, 0x78, 0x60, 
0x7B, 0x68, 0x00, 0x22, 0x1A, 0x61, 0x00, 0xBF, 0x0C, 0x37, 0xBD, 0x46, 
0x5D, 0xF8, 0x04, 0x7B, 0x70, 0x47, 0x80, 0xB4, 0x85, 0xB0, 0x00, 0xAF, 
0x78, 0x60, 0x39, 0x60, 0x7B, 0x68, 0x5B, 0x68, 0xFB, 0x60, 0x3B, 0x68, 
0xFA, 0x68, 0x5A, 0x60, 0xFB, 0x68, 0x9A, 0x68, 0x3B, 0x68, 0x9A, 0x60, 
0xFB, 0x68, 0x9B, 0x68, 0x3A, 0x68, 0x5A, 0x60, 0xFB, 0x68, 0x3A, 0x68, 
0x9A, 0x60, 0x3B, 0x68, 0x7A, 0x68, 0x1A, 0x61, 0x7B, 0x68, 0x1B, 0x68, 
0x5A, 0x1C, 0x7B, 0x68, 0x1A, 0x60, 0x00, 0xBF, 0x14, 0x37, 0xBD, 0x46, 
0x5D, 0xF8, 0x04, 0x7B, 0x70, 0x47, 0x80, 0xB4, 0x85, 0xB0, 0x00, 0xAF, 
0x78, 0x60, 0x39, 0x60, 0x3B, 0x68, 0x1B, 0x68, 0xBB, 0x60, 0xBB, 0x68, 
0xB3, 0xF1, 0xFF, 0x3F, 0x03, 0xD1, 0x7B, 0x68, 0x1B, 0x69, 0xFB, 0x60, 
0x0C, 0xE0, 0x7B, 0x68, 0x08, 0x33, 0xFB, 0x60, 0x02, 0xE0, 0xFB, 0x68, 
0x5B, 0x68, 0xFB, 0x60, 0xFB, 0x68, 0x5B, 0x68, 0x1B, 0x68, 0xBA, 0x68, 
0x9A, 0x42, 0xF6, 0xD2, 0xFB, 0x68, 0x5A, 0x68, 0x3B, 0x68, 0x5A, 0x60, 
0x3B, 0x68, 0x5B, 0x68, 0x3A, 0x68, 0x9A, 0x60, 0x3B, 0x68, 0xFA, 0x68, 
0x9A, 0x60, 0xFB, 0x68, 0x3A, 0x68, 0x5A, 0x60, 0x3B, 0x68, 0x7A, 0x68, 
0x1A, 0x61, 0x7B, 0x68, 0x1B, 0x68, 0x5A, 0x1C, 0x7B, 0x68, 0x1A, 0x60, 
0x00, 0xBF, 0x14, 0x37, 0xBD, 0x46, 0x5D, 0xF8, 0x04, 0x7B, 0x70, 0x47, 
0x80, 0xB4, 0x85, 0xB0, 0x00, 0xAF, 0x78, 0x60, 0x7B, 0x68, 0x1B, 0x69, 
0xFB, 0x60, 0x7B, 0x68, 0x5B, 0x68, 0x7A, 0x68, 0x92, 0x68, 0x9A, 0x60, 
0x7B, 0x68, 0x9B, 0x68, 0x7A, 0x68, 0x52, 0x68, 0x5A, 0x60, 0xFB, 0x68, 
0x5B, 0x68, 0x7A, 0x68, 0x9A, 0x42, 0x03, 0xD1, 0x7B, 0x68, 0x9A, 0x68, 
0xFB, 0x68, 0x5A, 0x60, 0x7B, 0x68, 0x00, 0x22, 0x1A, 0x61, 0xFB, 0x68, 
0x1B, 0x68, 0x5A, 0x1E, 0xFB, 0x68, 0x1A, 0x60, 0xFB, 0x68, 0x1B, 0x68, 
0x18, 0x46, 0x14, 0x37, 0xBD, 0x46, 0x5D, 0xF8, 0x04, 0x7B, 0x70, 0x47, 
0x80, 0xB5, 0x84, 0xB0, 0x00, 0xAF, 0x78, 0x60, 0x39, 0x60, 0x7B, 0x68, 
0xFB, 0x60, 0xFB, 0x68, 0x00, 0x2B, 0x0B, 0xD1, 0x4F, 0xF0, 0x50, 0x03, 
0x83, 0xF3, 0x11, 0x88, 0xBF, 0xF3, 0x6F, 0x8F, 0xBF, 0xF3, 0x4F, 0x8F, 
0xBB, 0x60, 0x00, 0xBF, 0x00, 0xBF, 0xFD, 0xE7, 0x02, 0xF0, 0xA8, 0xF8, 
0xFB, 0x68, 0x1A, 0x68, 0xFB, 0x68, 0xDB, 0x6B, 0xF9, 0x68, 0x09, 0x6C, 
0x01, 0xFB, 0x03, 0xF3, 0x1A, 0x44, 0xFB, 0x68, 0x9A, 0x60, 0xFB, 0x68, 
0x00, 0x22, 0x9A, 0x63, 0xFB, 0x68, 0x1A, 0x68, 0xFB, 0x68, 0x5A, 0x60, 
0xFB, 0x68, 0x1A, 0x68, 0xFB, 0x68, 0xDB, 0x6B, 0x01, 0x3B, 0xF9, 0x68, 
0x09, 0x6C, 0x01, 0xFB, 0x03, 0xF3, 0x1A, 0x44, 0xFB, 0x68, 0xDA, 0x60, 
0xFB, 0x68, 0xFF, 0x22, 0x83, 0xF8, 0x44, 0x20, 0xFB, 0x68, 0xFF, 0x22, 
0x83, 0xF8, 0x45, 0x20, 0x3B, 0x68, 0x00, 0x2B, 0x14, 0xD1, 0xFB, 0x68, 
0x1B, 0x69, 0x00, 0x2B, 0x1A, 0xD0, 0xFB, 0x68, 0x10, 0x33, 0x18, 0x46, 
0x01, 0xF0, 0x42, 0xF9, 0x03, 0x46, 0x00, 0x2B, 0x12, 0xD0, 0x0D, 0x4B, 
0x4F, 0xF0, 0x80, 0x52, 0x1A, 0x60, 0xBF, 0xF3, 0x4F, 0x8F, 0xBF, 0xF3, 
0x6F, 0x8F, 0x09, 0xE0, 0xFB, 0x68, 0x10, 0x33, 0x18, 0x46, 0xFF, 0xF7, 
0xF1, 0xFE, 0xFB, 0x68, 0x24, 0x33, 0x18, 0x46, 0xFF, 0xF7, 0xEC, 0xFE, 
0x02, 0xF0, 0x90, 0xF8, 0x01, 0x23, 0x18, 0x46, 0x10, 0x37, 0xBD, 0x46, 
0x80, 0xBD, 0x00, 0xBF, 0x04, 0xED, 0x00, 0xE0, 0x80, 0xB5, 0x8E, 0xB0, 
0x02, 0xAF, 0xF8, 0x60, 0xB9, 0x60, 0x7A, 0x60, 0x3B, 0x60, 0xFB, 0x68, 
0x00, 0x2B, 0x0B, 0xD1, 0x4F, 0xF0, 0x50, 0x03, 0x83, 0xF3, 0x11, 0x88, 
0xBF, 0xF3, 0x6F, 0x8F, 0xBF, 0xF3, 0x4F, 0x8F, 0xBB, 0x62, 0x00, 0xBF, 
0x00, 0xBF, 0xFD, 0xE7, 0x3B, 0x68, 0x00, 0x2B, 0x0B, 0xD1, 0x4F, 0xF0, 
0x50, 0x03, 0x83, 0xF3, 0x11, 0x88, 0xBF, 0xF3, 0x6F, 0x8F, 0xBF, 0xF3, 
0x4F, 0x8F, 0x7B, 0x62, 0x00, 0xBF, 0x00, 0xBF, 0xFD, 0xE7, 0x7B, 0x68, 
0x00, 0x2B, 0x02, 0xD0, 0xBB, 0x68, 0x00, 0x2B, 0x01, 0xD0, 0x01, 0x23, 
0x00, 0xE0, 0x00, 0x23, 0x00, 0x2B, 0x0B, 0xD1, 0x4F, 0xF0, 0x50, 0x03, 
0x83, 0xF3, 0x11, 0x88, 0xBF, 0xF3, 0x6F, 0x8F, 0xBF, 0xF3, 0x4F, 0x8F, 
0x3B, 0x62, 0x00, 0xBF, 0x00, 0xBF, 0xFD, 0xE7, 0x7B, 0x68, 0x00, 0x2B, 
0x02, 0xD1, 0xBB, 0x68, 0x00, 0x2B, 0x01, 0xD1, 0x01, 0x23, 0x00, 0xE0, 
0x00, 0x23, 0x00, 0x2B, 0x0B, 0xD1, 0x4F, 0xF0, 0x50, 0x03, 0x83, 0xF3, 
0x11, 0x88, 0xBF, 0xF3, 0x6F, 0x8F, 0xBF, 0xF3, 0x4F, 0x8F, 0xFB, 0x61, 
0x00, 0xBF, 0x00, 0xBF, 0xFD, 0xE7, 0x50, 0x23, 0x7B, 0x61, 0x7B, 0x69, 
0x50, 0x2B, 0x0B, 0xD0, 0x4F, 0xF0, 0x50, 0x03, 0x83, 0xF3, 0x11, 0x88, 
0xBF, 0xF3, 0x6F, 0x8F, 0xBF, 0xF3, 0x4F, 0x8F, 0xBB, 0x61, 0x00, 0xBF, 
0x00, 0xBF, 0xFD, 0xE7, 0x7B, 0x69, 0x3B, 0x68, 0xFB, 0x62, 0xFB, 0x6A, 
0x00, 0x2B, 0x0D, 0xD0, 0xFB, 0x6A, 0x01, 0x22, 0x83, 0xF8, 0x46, 0x20, 
0x97, 0xF8, 0x38, 0x20, 0xFB, 0x6A, 0x00, 0x93, 0x13, 0x46, 0x7A, 0x68, 
0xB9, 0x68, 0xF8, 0x68, 0x00, 0xF0, 0x05, 0xF8, 0xFB, 0x6A, 0x18, 0x46, 
0x30, 0x37, 0xBD, 0x46, 0x80, 0xBD, 0x80, 0xB5, 0x84, 0xB0, 0x00, 0xAF, 
0xF8, 0x60, 0xB9, 0x60, 0x7A, 0x60, 0xFB, 0x70, 0xBB, 0x68, 0x00, 0x2B, 
0x03, 0xD1, 0xBB, 0x69, 0xBA, 0x69, 0x1A, 0x60, 0x02, 0xE0, 0xBB, 0x69, 
0x7A, 0x68, 0x1A, 0x60, 0xBB, 0x69, 0xFA, 0x68, 0xDA, 0x63, 0xBB, 0x69, 
0xBA, 0x68, 0x1A, 0x64, 0x01, 0x21, 0xB8, 0x69, 0xFF, 0xF7, 0xFE, 0xFE, 
0xBB, 0x69, 0xFA, 0x78, 0x83, 0xF8, 0x4C, 0x20, 0x00, 0xBF, 0x10, 0x37, 
0xBD, 0x46, 0x80, 0xBD, 0x80, 0xB5, 0x8E, 0xB0, 0x00, 0xAF, 0xF8, 0x60, 
0xB9, 0x60, 0x7A, 0x60, 0x3B, 0x60, 0x00, 0x23, 0x7B, 0x63, 0xFB, 0x68, 
0x3B, 0x63, 0x3B, 0x6B, 0x00, 0x2B, 0x0B, 0xD1, 0x4F, 0xF0, 0x50, 0x03, 
0x83, 0xF3, 0x11, 0x88, 0xBF, 0xF3, 0x6F, 0x8F, 0xBF, 0xF3, 0x4F, 0x8F, 
0xBB, 0x62, 0x00, 0xBF, 0x00, 0xBF, 0xFD, 0xE7, 0xBB, 0x68, 0x00, 0x2B, 
0x03, 0xD1, 0x3B, 0x6B, 0x1B, 0x6C, 0x00, 0x2B, 0x01, 0xD1, 0x01, 0x23, 
0x00, 0xE0, 0x00, 0x23, 0x00, 0x2B, 0x0B, 0xD1, 0x4F, 0xF0, 0x50, 0x03, 
0x83, 0xF3, 0x11, 0x88, 0xBF, 0xF3, 0x6F, 0x8F, 0xBF, 0xF3, 0x4F, 0x8F, 
0x7B, 0x62, 0x00, 0xBF, 0x00, 0xBF, 0xFD, 0xE7, 0x3B, 0x68, 0x02, 0x2B, 
0x03, 0xD1, 0x3B, 0x6B, 0xDB, 0x6B, 0x01, 0x2B, 0x01, 0xD1, 0x01, 0x23, 
0x00, 0xE0, 0x00, 0x23, 0x00, 0x2B, 0x0B, 0xD1, 0x4F, 0xF0, 0x50, 0x03, 
0x83, 0xF3, 0x11, 0x88, 0xBF, 0xF3, 0x6F, 0x8F, 0xBF, 0xF3, 0x4F, 0x8F, 
0x3B, 0x62, 0x00, 0xBF, 0x00, 0xBF, 0xFD, 0xE7, 0x01, 0xF0, 0xFC, 0xF9, 
0x03, 0x46, 0x00, 0x2B, 0x02, 0xD1, 0x7B, 0x68, 0x00, 0x2B, 0x01, 0xD1, 
0x01, 0x23, 0x00, 0xE0, 0x00, 0x23, 0x00, 0x2B, 0x0B, 0xD1, 0x4F, 0xF0, 
0x50, 0x03, 0x83, 0xF3, 0x11, 0x88, 0xBF, 0xF3, 0x6F, 0x8F, 0xBF, 0xF3, 
0x4F, 0x8F, 0xFB, 0x61, 0x00, 0xBF, 0x00, 0xBF, 0xFD, 0xE7, 0x01, 0xF0, 
0x51, 0xFF, 0x3B, 0x6B, 0x9A, 0x6B, 0x3B, 0x6B, 0xDB, 0x6B, 0x9A, 0x42, 
0x02, 0xD3, 0x3B, 0x68, 0x02, 0x2B, 0x29, 0xD1, 0x3A, 0x68, 0xB9, 0x68, 
0x38, 0x6B, 0x00, 0xF0, 0x0F, 0xFA, 0xF8, 0x62, 0x3B, 0x6B, 0x5B, 0x6A, 
0x00, 0x2B, 0x10, 0xD0, 0x3B, 0x6B, 0x24, 0x33, 0x18, 0x46, 0x01, 0xF0, 
0x05, 0xF8, 0x03, 0x46, 0x00, 0x2B, 0x13, 0xD0, 0x3F, 0x4B, 0x4F, 0xF0, 
0x80, 0x52, 0x1A, 0x60, 0xBF, 0xF3, 0x4F, 0x8F, 0xBF, 0xF3, 0x6F, 0x8F, 
0x0A, 0xE0, 0xFB, 0x6A, 0x00, 0x2B, 0x07, 0xD0, 0x39, 0x4B, 0x4F, 0xF0, 
0x80, 0x52, 0x1A, 0x60, 0xBF, 0xF3, 0x4F, 0x8F, 0xBF, 0xF3, 0x6F, 0x8F, 
0x01, 0xF0, 0x52, 0xFF, 0x01, 0x23, 0x63, 0xE0, 0x7B, 0x68, 0x00, 0x2B, 
0x03, 0xD1, 0x01, 0xF0, 0x4B, 0xFF, 0x00, 0x23, 0x5C, 0xE0, 0x7B, 0x6B, 
0x00, 0x2B, 0x06, 0xD1, 0x07, 0xF1, 0x14, 0x03, 0x18, 0x46, 0x01, 0xF0, 
0x3F, 0xF8, 0x01, 0x23, 0x7B, 0x63, 0x01, 0xF0, 0x3D, 0xFF, 0x00, 0xF0, 
0xA7, 0xFD, 0x01, 0xF0, 0x07, 0xFF, 0x3B, 0x6B, 0x93, 0xF8, 0x44, 0x30, 
0x5B, 0xB2, 0xB3, 0xF1, 0xFF, 0x3F, 0x03, 0xD1, 0x3B, 0x6B, 0x00, 0x22, 
0x83, 0xF8, 0x44, 0x20, 0x3B, 0x6B, 0x93, 0xF8, 0x45, 0x30, 0x5B, 0xB2, 
0xB3, 0xF1, 0xFF, 0x3F, 0x03, 0xD1, 0x3B, 0x6B, 0x00, 0x22, 0x83, 0xF8, 
0x45, 0x20, 0x01, 0xF0, 0x21, 0xFF, 0x3A, 0x1D, 0x07, 0xF1, 0x14, 0x03, 
0x11, 0x46, 0x18, 0x46, 0x01, 0xF0, 0x2E, 0xF8, 0x03, 0x46, 0x00, 0x2B, 
0x24, 0xD1, 0x38, 0x6B, 0x00, 0xF0, 0xA6, 0xFA, 0x03, 0x46, 0x00, 0x2B, 
0x18, 0xD0, 0x3B, 0x6B, 0x10, 0x33, 0x7A, 0x68, 0x11, 0x46, 0x18, 0x46, 
0x00, 0xF0, 0x52, 0xFF, 0x38, 0x6B, 0x00, 0xF0, 0x31, 0xFA, 0x00, 0xF0, 
0x7F, 0xFD, 0x03, 0x46, 0x00, 0x2B, 0x7F, 0xF4, 0x7C, 0xAF, 0x0C, 0x4B, 
0x4F, 0xF0, 0x80, 0x52, 0x1A, 0x60, 0xBF, 0xF3, 0x4F, 0x8F, 0xBF, 0xF3, 
0x6F, 0x8F, 0x72, 0xE7, 0x38, 0x6B, 0x00, 0xF0, 0x1F, 0xFA, 0x00, 0xF0, 
0x6D, 0xFD, 0x6C, 0xE7, 0x38, 0x6B, 0x00, 0xF0, 0x19, 0xFA, 0x00, 0xF0, 
0x67, 0xFD, 0x00, 0x23, 0x18, 0x46, 0x38, 0x37, 0xBD, 0x46, 0x80, 0xBD, 
0x04, 0xED, 0x00, 0xE0, 0x80, 0xB5, 0x90, 0xB0, 0x00, 0xAF, 0xF8, 0x60, 
0xB9, 0x60, 0x7A, 0x60, 0x3B, 0x60, 0xFB, 0x68, 0xBB, 0x63, 0xBB, 0x6B, 
0x00, 0x2B, 0x0B, 0xD1, 0x4F, 0xF0, 0x50, 0x03, 0x83, 0xF3, 0x11, 0x88, 
0xBF, 0xF3, 0x6F, 0x8F, 0xBF, 0xF3, 0x4F, 0x8F, 0xBB, 0x62, 0x00, 0xBF, 
0x00, 0xBF, 0xFD, 0xE7, 0xBB, 0x68, 0x00, 0x2B, 0x03, 0xD1, 0xBB, 0x6B, 
0x1B, 0x6C, 0x00, 0x2B, 0x01, 0xD1, 0x01, 0x23, 0x00, 0xE0, 0x00, 0x23, 
0x00, 0x2B, 0x0B, 0xD1, 0x4F, 0xF0, 0x50, 0x03, 0x83, 0xF3, 0x11, 0x88, 
0xBF, 0xF3, 0x6F, 0x8F, 0xBF, 0xF3, 0x4F, 0x8F, 0x7B, 0x62, 0x00, 0xBF, 
0x00, 0xBF, 0xFD, 0xE7, 0x3B, 0x68, 0x02, 0x2B, 0x03, 0xD1, 0xBB, 0x6B, 
0xDB, 0x6B, 0x01, 0x2B, 0x01, 0xD1, 0x01, 0x23, 0x00, 0xE0, 0x00, 0x23, 
0x00, 0x2B, 0x0B, 0xD1, 0x4F, 0xF0, 0x50, 0x03, 0x83, 0xF3, 0x11, 0x88, 
0xBF, 0xF3, 0x6F, 0x8F, 0xBF, 0xF3, 0x4F, 0x8F, 0x3B, 0x62, 0x00, 0xBF, 
0x00, 0xBF, 0xFD, 0xE7, 0x01, 0xF0, 0x4A, 0xFF, 0xEF, 0xF3, 0x11, 0x82, 
0x4F, 0xF0, 0x50, 0x03, 0x83, 0xF3, 0x11, 0x88, 0xBF, 0xF3, 0x6F, 0x8F, 
0xBF, 0xF3, 0x4F, 0x8F, 0xFA, 0x61, 0xBB, 0x61, 0xFB, 0x69, 0x7B, 0x63, 
0xBB, 0x6B, 0x9A, 0x6B, 0xBB, 0x6B, 0xDB, 0x6B, 0x9A, 0x42, 0x02, 0xD3, 
0x3B, 0x68, 0x02, 0x2B, 0x2F, 0xD1, 0xBB, 0x6B, 0x93, 0xF8, 0x45, 0x30, 
0x87, 0xF8, 0x33, 0x30, 0xBB, 0x6B, 0x9B, 0x6B, 0xFB, 0x62, 0x3A, 0x68, 
0xB9, 0x68, 0xB8, 0x6B, 0x00, 0xF0, 0x12, 0xF9, 0x97, 0xF9, 0x33, 0x30, 
0xB3, 0xF1, 0xFF, 0x3F, 0x12, 0xD1, 0xBB, 0x6B, 0x5B, 0x6A, 0x00, 0x2B, 
0x16, 0xD0, 0xBB, 0x6B, 0x24, 0x33, 0x18, 0x46, 0x00, 0xF0, 0x04, 0xFF, 
0x03, 0x46, 0x00, 0x2B, 0x0E, 0xD0, 0x7B, 0x68, 0x00, 0x2B, 0x0B, 0xD0, 
0x7B, 0x68, 0x01, 0x22, 0x1A, 0x60, 0x07, 0xE0, 0x97, 0xF8, 0x33, 0x30, 
0x01, 0x33, 0xDB, 0xB2, 0x5A, 0xB2, 0xBB, 0x6B, 0x83, 0xF8, 0x45, 0x20, 
0x01, 0x23, 0xFB, 0x63, 0x01, 0xE0, 0x00, 0x23, 0xFB, 0x63, 0x7B, 0x6B, 
0x7B, 0x61, 0x7B, 0x69, 0x83, 0xF3, 0x11, 0x88, 0x00, 0xBF, 0xFB, 0x6B, 
0x18, 0x46, 0x40, 0x37, 0xBD, 0x46, 0x80, 0xBD, 0x80, 0xB5, 0x8C, 0xB0, 
0x00, 0xAF, 0xF8, 0x60, 0xB9, 0x60, 0x7A, 0x60, 0x00, 0x23, 0xFB, 0x62, 
0xFB, 0x68, 0xBB, 0x62, 0xBB, 0x6A, 0x00, 0x2B, 0x0B, 0xD1, 0x4F, 0xF0, 
0x50, 0x03, 0x83, 0xF3, 0x11, 0x88, 0xBF, 0xF3, 0x6F, 0x8F, 0xBF, 0xF3, 
0x4F, 0x8F, 0x3B, 0x62, 0x00, 0xBF, 0x00, 0xBF, 0xFD, 0xE7, 0xBB, 0x68, 
0x00, 0x2B, 0x03, 0xD1, 0xBB, 0x6A, 0x1B, 0x6C, 0x00, 0x2B, 0x01, 0xD1, 
0x01, 0x23, 0x00, 0xE0, 0x00, 0x23, 0x00, 0x2B, 0x0B, 0xD1, 0x4F, 0xF0, 
0x50, 0x03, 0x83, 0xF3, 0x11, 0x88, 0xBF, 0xF3, 0x6F, 0x8F, 0xBF, 0xF3, 
0x4F, 0x8F, 0xFB, 0x61, 0x00, 0xBF, 0x00, 0xBF, 0xFD, 0xE7, 0x01, 0xF0, 
0x75, 0xF8, 0x03, 0x46, 0x00, 0x2B, 0x02, 0xD1, 0x7B, 0x68, 0x00, 0x2B, 
0x01, 0xD1, 0x01, 0x23, 0x00, 0xE0, 0x00, 0x23, 0x00, 0x2B, 0x0B, 0xD1, 
0x4F, 0xF0, 0x50, 0x03, 0x83, 0xF3, 0x11, 0x88, 0xBF, 0xF3, 0x6F, 0x8F, 
0xBF, 0xF3, 0x4F, 0x8F, 0xBB, 0x61, 0x00, 0xBF, 0x00, 0xBF, 0xFD, 0xE7, 
0x01, 0xF0, 0xCA, 0xFD, 0xBB, 0x6A, 0x9B, 0x6B, 0x7B, 0x62, 0x7B, 0x6A, 
0x00, 0x2B, 0x1F, 0xD0, 0xB9, 0x68, 0xB8, 0x6A, 0x00, 0xF0, 0xF6, 0xF8, 
0x7B, 0x6A, 0x5A, 0x1E, 0xBB, 0x6A, 0x9A, 0x63, 0xBB, 0x6A, 0x1B, 0x69, 
0x00, 0x2B, 0x0F, 0xD0, 0xBB, 0x6A, 0x10, 0x33, 0x18, 0x46, 0x00, 0xF0, 
0x7F, 0xFE, 0x03, 0x46, 0x00, 0x2B, 0x07, 0xD0, 0x3C, 0x4B, 0x4F, 0xF0, 
0x80, 0x52, 0x1A, 0x60, 0xBF, 0xF3, 0x4F, 0x8F, 0xBF, 0xF3, 0x6F, 0x8F, 
0x01, 0xF0, 0xD8, 0xFD, 0x01, 0x23, 0x69, 0xE0, 0x7B, 0x68, 0x00, 0x2B, 
0x03, 0xD1, 0x01, 0xF0, 0xD1, 0xFD, 0x00, 0x23, 0x62, 0xE0, 0xFB, 0x6A, 
0x00, 0x2B, 0x06, 0xD1, 0x07, 0xF1, 0x10, 0x03, 0x18, 0x46, 0x00, 0xF0, 
0xC5, 0xFE, 0x01, 0x23, 0xFB, 0x62, 0x01, 0xF0, 0xC3, 0xFD, 0x00, 0xF0, 
0x2D, 0xFC, 0x01, 0xF0, 0x8D, 0xFD, 0xBB, 0x6A, 0x93, 0xF8, 0x44, 0x30, 
0x5B, 0xB2, 0xB3, 0xF1, 0xFF, 0x3F, 0x03, 0xD1, 0xBB, 0x6A, 0x00, 0x22, 
0x83, 0xF8, 0x44, 0x20, 0xBB, 0x6A, 0x93, 0xF8, 0x45, 0x30, 0x5B, 0xB2, 
0xB3, 0xF1, 0xFF, 0x3F, 0x03, 0xD1, 0xBB, 0x6A, 0x00, 0x22, 0x83, 0xF8, 
0x45, 0x20, 0x01, 0xF0, 0xA7, 0xFD, 0x3A, 0x1D, 0x07, 0xF1, 0x10, 0x03, 
0x11, 0x46, 0x18, 0x46, 0x00, 0xF0, 0xB4, 0xFE, 0x03, 0x46, 0x00, 0x2B, 
0x23, 0xD1, 0xB8, 0x6A, 0x00, 0xF0, 0x16, 0xF9, 0x03, 0x46, 0x00, 0x2B, 
0x17, 0xD0, 0xBB, 0x6A, 0x24, 0x33, 0x7A, 0x68, 0x11, 0x46, 0x18, 0x46, 
0x00, 0xF0, 0xD8, 0xFD, 0xB8, 0x6A, 0x00, 0xF0, 0xB7, 0xF8, 0x00, 0xF0, 
0x05, 0xFC, 0x03, 0x46, 0x00, 0x2B, 0x89, 0xD1, 0x0F, 0x4B, 0x4F, 0xF0, 
0x80, 0x52, 0x1A, 0x60, 0xBF, 0xF3, 0x4F, 0x8F, 0xBF, 0xF3, 0x6F, 0x8F, 
0x80, 0xE7, 0xB8, 0x6A, 0x00, 0xF0, 0xA6, 0xF8, 0x00, 0xF0, 0xF4, 0xFB, 
0x7A, 0xE7, 0xB8, 0x6A, 0x00, 0xF0, 0xA0, 0xF8, 0x00, 0xF0, 0xEE, 0xFB, 
0xB8, 0x6A, 0x00, 0xF0, 0xED, 0xF8, 0x03, 0x46, 0x00, 0x2B, 0x3F, 0xF4, 
0x6F, 0xAF, 0x00, 0x23, 0x18, 0x46, 0x30, 0x37, 0xBD, 0x46, 0x80, 0xBD, 
0x04, 0xED, 0x00, 0xE0, 0x80, 0xB5, 0x86, 0xB0, 0x00, 0xAF, 0xF8, 0x60, 
0xB9, 0x60, 0x7A, 0x60, 0x00, 0x23, 0x7B, 0x61, 0xFB, 0x68, 0x9B, 0x6B, 
0x3B, 0x61, 0xFB, 0x68, 0x1B, 0x6C, 0x00, 0x2B, 0x0D, 0xD1, 0xFB, 0x68, 
0x1B, 0x68, 0x00, 0x2B, 0x4D, 0xD1, 0xFB, 0x68, 0x9B, 0x68, 0x18, 0x46, 
0x00, 0xF0, 0xCC, 0xFF, 0x78, 0x61, 0xFB, 0x68, 0x00, 0x22, 0x9A, 0x60, 
0x43, 0xE0, 0x7B, 0x68, 0x00, 0x2B, 0x19, 0xD1, 0xFB, 0x68, 0x58, 0x68, 
0xFB, 0x68, 0x1B, 0x6C, 0x1A, 0x46, 0xB9, 0x68, 0x02, 0xF0, 0xA8, 0xF8, 
0xFB, 0x68, 0x5A, 0x68, 0xFB, 0x68, 0x1B, 0x6C, 0x1A, 0x44, 0xFB, 0x68, 
0x5A, 0x60, 0xFB, 0x68, 0x5A, 0x68, 0xFB, 0x68, 0x9B, 0x68, 0x9A, 0x42, 
0x2B, 0xD3, 0xFB, 0x68, 0x1A, 0x68, 0xFB, 0x68, 0x5A, 0x60, 0x26, 0xE0, 
0xFB, 0x68, 0xD8, 0x68, 0xFB, 0x68, 0x1B, 0x6C, 0x1A, 0x46, 0xB9, 0x68, 
0x02, 0xF0, 0x8E, 0xF8, 0xFB, 0x68, 0xDA, 0x68, 0xFB, 0x68, 0x1B, 0x6C, 
0x5B, 0x42, 0x1A, 0x44, 0xFB, 0x68, 0xDA, 0x60, 0xFB, 0x68, 0xDA, 0x68, 
0xFB, 0x68, 0x1B, 0x68, 0x9A, 0x42, 0x07, 0xD2, 0xFB, 0x68, 0x9A, 0x68, 
0xFB, 0x68, 0x1B, 0x6C, 0x5B, 0x42, 0x1A, 0x44, 0xFB, 0x68, 0xDA, 0x60, 
0x7B, 0x68, 0x02, 0x2B, 0x05, 0xD1, 0x3B, 0x69, 0x00, 0x2B, 0x02, 0xD0, 
0x3B, 0x69, 0x01, 0x3B, 0x3B, 0x61, 0x3B, 0x69, 0x5A, 0x1C, 0xFB, 0x68, 
0x9A, 0x63, 0x7B, 0x69, 0x18, 0x46, 0x18, 0x37, 0xBD, 0x46, 0x80, 0xBD, 
0x80, 0xB5, 0x82, 0xB0, 0x00, 0xAF, 0x78, 0x60, 0x39, 0x60, 0x7B, 0x68, 
0x1B, 0x6C, 0x00, 0x2B, 0x18, 0xD0, 0x7B, 0x68, 0xDA, 0x68, 0x7B, 0x68, 
0x1B, 0x6C, 0x1A, 0x44, 0x7B, 0x68, 0xDA, 0x60, 0x7B, 0x68, 0xDA, 0x68, 
0x7B, 0x68, 0x9B, 0x68, 0x9A, 0x42, 0x03, 0xD3, 0x7B, 0x68, 0x1A, 0x68, 
0x7B, 0x68, 0xDA, 0x60, 0x7B, 0x68, 0xD9, 0x68, 0x7B, 0x68, 0x1B, 0x6C, 
0x1A, 0x46, 0x38, 0x68, 0x02, 0xF0, 0x44, 0xF8, 0x00, 0xBF, 0x08, 0x37, 
0xBD, 0x46, 0x80, 0xBD, 0x80, 0xB5, 0x84, 0xB0, 0x00, 0xAF, 0x78, 0x60, 
0x01, 0xF0, 0x9E, 0xFC, 0x7B, 0x68, 0x93, 0xF8, 0x45, 0x30, 0xFB, 0x73, 
0x11, 0xE0, 0x7B, 0x68, 0x5B, 0x6A, 0x00, 0x2B, 0x12, 0xD0, 0x7B, 0x68, 
0x24, 0x33, 0x18, 0x46, 0x00, 0xF0, 0x5C, 0xFD, 0x03, 0x46, 0x00, 0x2B, 
0x01, 0xD0, 0x00, 0xF0, 0x35, 0xFE, 0xFB, 0x7B, 0x01, 0x3B, 0xDB, 0xB2, 
0xFB, 0x73, 0x97, 0xF9, 0x0F, 0x30, 0x00, 0x2B, 0xE9, 0xDC, 0x00, 0xE0, 
0x00, 0xBF, 0x7B, 0x68, 0xFF, 0x22, 0x83, 0xF8, 0x45, 0x20, 0x01, 0xF0, 
0xAD, 0xFC, 0x01, 0xF0, 0x79, 0xFC, 0x7B, 0x68, 0x93, 0xF8, 0x44, 0x30, 
0xBB, 0x73, 0x11, 0xE0, 0x7B, 0x68, 0x1B, 0x69, 0x00, 0x2B, 0x12, 0xD0, 
0x7B, 0x68, 0x10, 0x33, 0x18, 0x46, 0x00, 0xF0, 0x37, 0xFD, 0x03, 0x46, 
0x00, 0x2B, 0x01, 0xD0, 0x00, 0xF0, 0x10, 0xFE, 0xBB, 0x7B, 0x01, 0x3B, 
0xDB, 0xB2, 0xBB, 0x73, 0x97, 0xF9, 0x0E, 0x30, 0x00, 0x2B, 0xE9, 0xDC, 
0x00, 0xE0, 0x00, 0xBF, 0x7B, 0x68, 0xFF, 0x22, 0x83, 0xF8, 0x44, 0x20, 
0x01, 0xF0, 0x88, 0xFC, 0x00, 0xBF, 0x10, 0x37, 0xBD, 0x46, 0x80, 0xBD, 
0x80, 0xB5, 0x84, 0xB0, 0x00, 0xAF, 0x78, 0x60, 0x01, 0xF0, 0x4C, 0xFC, 
0x7B, 0x68, 0x9B, 0x6B, 0x00, 0x2B, 0x02, 0xD1, 0x01, 0x23, 0xFB, 0x60, 
0x01, 0xE0, 0x00, 0x23, 0xFB, 0x60, 0x01, 0xF0, 0x73, 0xFC, 0xFB, 0x68, 
0x18, 0x46, 0x10, 0x37, 0xBD, 0x46, 0x80, 0xBD, 0x80, 0xB5, 0x84, 0xB0, 
0x00, 0xAF, 0x78, 0x60, 0x01, 0xF0, 0x36, 0xFC, 0x7B, 0x68, 0x9A, 0x6B, 
0x7B, 0x68, 0xDB, 0x6B, 0x9A, 0x42, 0x02, 0xD1, 0x01, 0x23, 0xFB, 0x60, 
0x01, 0xE0, 0x00, 0x23, 0xFB, 0x60, 0x01, 0xF0, 0x5B, 0xFC, 0xFB, 0x68, 
0x18, 0x46, 0x10, 0x37, 0xBD, 0x46, 0x80, 0xBD, 0x80, 0xB4, 0x85, 0xB0, 
0x00, 0xAF, 0x78, 0x60, 0x39, 0x60, 0x00, 0x23, 0xFB, 0x60, 0x14, 0xE0, 
0x0F, 0x4A, 0xFB, 0x68, 0x52, 0xF8, 0x33, 0x30, 0x00, 0x2B, 0x0B, 0xD1, 
0x0C, 0x49, 0xFB, 0x68, 0x3A, 0x68, 0x41, 0xF8, 0x33, 0x20, 0x0A, 0x4A, 
0xFB, 0x68, 0xDB, 0x00, 0x13, 0x44, 0x7A, 0x68, 0x5A, 0x60, 0x06, 0xE0, 
0xFB, 0x68, 0x01, 0x33, 0xFB, 0x60, 0xFB, 0x68, 0x07, 0x2B, 0xE7, 0xD9, 
0x00, 0xBF, 0x00, 0xBF, 0x14, 0x37, 0xBD, 0x46, 0x5D, 0xF8, 0x04, 0x7B, 
0x70, 0x47, 0x00, 0xBF, 0xA4, 0x08, 0x00, 0x20, 0x80, 0xB5, 0x86, 0xB0, 
0x00, 0xAF, 0xF8, 0x60, 0xB9, 0x60, 0x7A, 0x60, 0xFB, 0x68, 0x7B, 0x61, 
0x01, 0xF0, 0xF0, 0xFB, 0x7B, 0x69, 0x93, 0xF8, 0x44, 0x30, 0x5B, 0xB2, 
0xB3, 0xF1, 0xFF, 0x3F, 0x03, 0xD1, 0x7B, 0x69, 0x00, 0x22, 0x83, 0xF8, 
0x44, 0x20, 0x7B, 0x69, 0x93, 0xF8, 0x45, 0x30, 0x5B, 0xB2, 0xB3, 0xF1, 
0xFF, 0x3F, 0x03, 0xD1, 0x7B, 0x69, 0x00, 0x22, 0x83, 0xF8, 0x45, 0x20, 
0x01, 0xF0, 0x0A, 0xFC, 0x7B, 0x69, 0x9B, 0x6B, 0x00, 0x2B, 0x06, 0xD1, 
0x7B, 0x69, 0x24, 0x33, 0x7A, 0x68, 0xB9, 0x68, 0x18, 0x46, 0x00, 0xF0, 
0x6D, 0xFC, 0x78, 0x69, 0xFF, 0xF7, 0x26, 0xFF, 0x00, 0xBF, 0x18, 0x37, 
0xBD, 0x46, 0x80, 0xBD, 0x80, 0xB5, 0x8E, 0xB0, 0x04, 0xAF, 0xF8, 0x60, 
0xB9, 0x60, 0x7A, 0x60, 0x3B, 0x60, 0x7B, 0x6B, 0x00, 0x2B, 0x0B, 0xD1, 
0x4F, 0xF0, 0x50, 0x03, 0x83, 0xF3, 0x11, 0x88, 0xBF, 0xF3, 0x6F, 0x8F, 
0xBF, 0xF3, 0x4F, 0x8F, 0x3B, 0x62, 0x00, 0xBF, 0x00, 0xBF, 0xFD, 0xE7, 
0xBB, 0x6B, 0x00, 0x2B, 0x0B, 0xD1, 0x4F, 0xF0, 0x50, 0x03, 0x83, 0xF3, 
0x11, 0x88, 0xBF, 0xF3, 0x6F, 0x8F, 0xBF, 0xF3, 0x4F, 0x8F, 0xFB, 0x61, 
0x00, 0xBF, 0x00, 0xBF, 0xFD, 0xE7, 0xA8, 0x23, 0x3B, 0x61, 0x3B, 0x69, 
0xA8, 0x2B, 0x0B, 0xD0, 0x4F, 0xF0, 0x50, 0x03, 0x83, 0xF3, 0x11, 0x88, 
0xBF, 0xF3, 0x6F, 0x8F, 0xBF, 0xF3, 0x4F, 0x8F, 0xBB, 0x61, 0x00, 0xBF, 
0x00, 0xBF, 0xFD, 0xE7, 0x3B, 0x69, 0xBB, 0x6B, 0x00, 0x2B, 0x1E, 0xD0, 
0x7B, 0x6B, 0x00, 0x2B, 0x1B, 0xD0, 0xBB, 0x6B, 0x7B, 0x62, 0x7B, 0x6A, 
0x7A, 0x6B, 0x1A, 0x63, 0x7B, 0x6A, 0x02, 0x22, 0x83, 0xF8, 0xA5, 0x20, 
0x00, 0x23, 0x03, 0x93, 0x7B, 0x6A, 0x02, 0x93, 0x07, 0xF1, 0x14, 0x03, 
0x01, 0x93, 0x3B, 0x6B, 0x00, 0x93, 0x3B, 0x68, 0x7A, 0x68, 0xB9, 0x68, 
0xF8, 0x68, 0x00, 0xF0, 0x51, 0xF8, 0x78, 0x6A, 0x00, 0xF0, 0xF6, 0xF8, 
0x01, 0xE0, 0x00, 0x23, 0x7B, 0x61, 0x7B, 0x69, 0x18, 0x46, 0x28, 0x37, 
0xBD, 0x46, 0x80, 0xBD, 0x80, 0xB5, 0x8C, 0xB0, 0x04, 0xAF, 0xF8, 0x60, 
0xB9, 0x60, 0x3B, 0x60, 0x13, 0x46, 0xFB, 0x80, 0xFB, 0x88, 0x9B, 0x00, 
0x18, 0x46, 0x01, 0xF0, 0x7B, 0xFC, 0x78, 0x61, 0x7B, 0x69, 0x00, 0x2B, 
0x0E, 0xD0, 0xA8, 0x20, 0x01, 0xF0, 0x74, 0xFC, 0xF8, 0x61, 0xFB, 0x69, 
0x00, 0x2B, 0x03, 0xD0, 0xFB, 0x69, 0x7A, 0x69, 0x1A, 0x63, 0x05, 0xE0, 
0x78, 0x69, 0x01, 0xF0, 0x37, 0xFD, 0x01, 0xE0, 0x00, 0x23, 0xFB, 0x61, 
0xFB, 0x69, 0x00, 0x2B, 0x17, 0xD0, 0xFB, 0x69, 0x00, 0x22, 0x83, 0xF8, 
0xA5, 0x20, 0xFA, 0x88, 0x00, 0x23, 0x03, 0x93, 0xFB, 0x69, 0x02, 0x93, 
0xFB, 0x6A, 0x01, 0x93, 0xBB, 0x6A, 0x00, 0x93, 0x3B, 0x68, 0xB9, 0x68, 
0xF8, 0x68, 0x00, 0xF0, 0x0F, 0xF8, 0xF8, 0x69, 0x00, 0xF0, 0xB4, 0xF8, 
0x01, 0x23, 0xBB, 0x61, 0x02, 0xE0, 0x4F, 0xF0, 0xFF, 0x33, 0xBB, 0x61, 
0xBB, 0x69, 0x18, 0x46, 0x20, 0x37, 0xBD, 0x46, 0x80, 0xBD, 0x00, 0x00, 
0x80, 0xB5, 0x88, 0xB0, 0x00, 0xAF, 0xF8, 0x60, 0xB9, 0x60, 0x7A, 0x60, 
0x3B, 0x60, 0x3B, 0x6B, 0x18, 0x6B, 0x7B, 0x68, 0x9B, 0x00, 0x1A, 0x46, 
0xA5, 0x21, 0x01, 0xF0, 0x21, 0xFE, 0x3B, 0x6B, 0x1A, 0x6B, 0x7B, 0x68, 
0x03, 0xF1, 0x80, 0x43, 0x01, 0x3B, 0x9B, 0x00, 0x13, 0x44, 0xBB, 0x61, 
0xBB, 0x69, 0x23, 0xF0, 0x07, 0x03, 0xBB, 0x61, 0xBB, 0x69, 0x03, 0xF0, 
0x07, 0x03, 0x00, 0x2B, 0x0B, 0xD0, 0x4F, 0xF0, 0x50, 0x03, 0x83, 0xF3, 
0x11, 0x88, 0xBF, 0xF3, 0x6F, 0x8F, 0xBF, 0xF3, 0x4F, 0x8F, 0x7B, 0x61, 
0x00, 0xBF, 0x00, 0xBF, 0xFD, 0xE7, 0xBB, 0x68, 0x00, 0x2B, 0x1F, 0xD0, 
0x00, 0x23, 0xFB, 0x61, 0x12, 0xE0, 0xBA, 0x68, 0xFB, 0x69, 0x13, 0x44, 
0x19, 0x78, 0x3A, 0x6B, 0xFB, 0x69, 0x13, 0x44, 0x34, 0x33, 0x0A, 0x46, 
0x1A, 0x70, 0xBA, 0x68, 0xFB, 0x69, 0x13, 0x44, 0x1B, 0x78, 0x00, 0x2B, 
0x06, 0xD0, 0xFB, 0x69, 0x01, 0x33, 0xFB, 0x61, 0xFB, 0x69, 0x0F, 0x2B, 
0xE9, 0xD9, 0x00, 0xE0, 0x00, 0xBF, 0x3B, 0x6B, 0x00, 0x22, 0x83, 0xF8, 
0x43, 0x20, 0x03, 0xE0, 0x3B, 0x6B, 0x00, 0x22, 0x83, 0xF8, 0x34, 0x20, 
0xBB, 0x6A, 0x37, 0x2B, 0x01, 0xD9, 0x37, 0x23, 0xBB, 0x62, 0x3B, 0x6B, 
0xBA, 0x6A, 0xDA, 0x62, 0x3B, 0x6B, 0xBA, 0x6A, 0xDA, 0x64, 0x3B, 0x6B, 
0x00, 0x22, 0x1A, 0x65, 0x3B, 0x6B, 0x04, 0x33, 0x18, 0x46, 0xFF, 0xF7, 
0x65, 0xF9, 0x3B, 0x6B, 0x18, 0x33, 0x18, 0x46, 0xFF, 0xF7, 0x60, 0xF9, 
0x3B, 0x6B, 0x3A, 0x6B, 0x1A, 0x61, 0xBB, 0x6A, 0xC3, 0xF1, 0x38, 0x02, 
0x3B, 0x6B, 0x9A, 0x61, 0x3B, 0x6B, 0x3A, 0x6B, 0x5A, 0x62, 0x3B, 0x6B, 
0x00, 0x22, 0xC3, 0xF8, 0xA0, 0x20, 0x3B, 0x6B, 0x00, 0x22, 0x83, 0xF8, 
0xA4, 0x20, 0x3B, 0x6B, 0x54, 0x33, 0x4C, 0x22, 0x00, 0x21, 0x18, 0x46, 
0x01, 0xF0, 0xAA, 0xFD, 0x3B, 0x6B, 0x0D, 0x4A, 0x9A, 0x65, 0x3B, 0x6B, 
0x0C, 0x4A, 0xDA, 0x65, 0x3B, 0x6B, 0x0C, 0x4A, 0x1A, 0x66, 0x3A, 0x68, 
0xF9, 0x68, 0xB8, 0x69, 0x01, 0xF0, 0x5A, 0xF9, 0x02, 0x46, 0x3B, 0x6B, 
0x1A, 0x60, 0xFB, 0x6A, 0x00, 0x2B, 0x02, 0xD0, 0xFB, 0x6A, 0x3A, 0x6B, 
0x1A, 0x60, 0x00, 0xBF, 0x20, 0x37, 0xBD, 0x46, 0x80, 0xBD, 0x00, 0xBF, 
0x38, 0x4B, 0x00, 0x20, 0xA0, 0x4B, 0x00, 0x20, 0x08, 0x4C, 0x00, 0x20, 
0x80, 0xB5, 0x82, 0xB0, 0x00, 0xAF, 0x78, 0x60, 0x01, 0xF0, 0x72, 0xFA, 
0x2D, 0x4B, 0x1B, 0x68, 0x01, 0x33, 0x2C, 0x4A, 0x13, 0x60, 0x2C, 0x4B, 
0x1B, 0x68, 0x00, 0x2B, 0x09, 0xD1, 0x2A, 0x4A, 0x7B, 0x68, 0x13, 0x60, 
0x27, 0x4B, 0x1B, 0x68, 0x01, 0x2B, 0x10, 0xD1, 0x00, 0xF0, 0x2E, 0xFC, 
0x0D, 0xE0, 0x26, 0x4B, 0x1B, 0x68, 0x00, 0x2B, 0x09, 0xD1, 0x23, 0x4B, 
0x1B, 0x68, 0xDA, 0x6A, 0x7B, 0x68, 0xDB, 0x6A, 0x9A, 0x42, 0x02, 0xD8, 
0x1F, 0x4A, 0x7B, 0x68, 0x13, 0x60, 0x20, 0x4B, 0x1B, 0x68, 0x01, 0x33, 
0x1E, 0x4A, 0x13, 0x60, 0x1D, 0x4B, 0x1A, 0x68, 0x7B, 0x68, 0x5A, 0x64, 
0x7B, 0x68, 0xDA, 0x6A, 0x1B, 0x4B, 0x1B, 0x68, 0x9A, 0x42, 0x03, 0xD9, 
0x7B, 0x68, 0xDB, 0x6A, 0x18, 0x4A, 0x13, 0x60, 0x7B, 0x68, 0xDA, 0x6A, 
0x13, 0x46, 0x9B, 0x00, 0x13, 0x44, 0x9B, 0x00, 0x15, 0x4A, 0x1A, 0x44, 
0x7B, 0x68, 0x04, 0x33, 0x19, 0x46, 0x10, 0x46, 0xFF, 0xF7, 0xE9, 0xF8, 
0x01, 0xF0, 0x60, 0xFA, 0x0D, 0x4B, 0x1B, 0x68, 0x00, 0x2B, 0x0E, 0xD0, 
0x0A, 0x4B, 0x1B, 0x68, 0xDA, 0x6A, 0x7B, 0x68, 0xDB, 0x6A, 0x9A, 0x42, 
0x07, 0xD2, 0x0C, 0x4B, 0x4F, 0xF0, 0x80, 0x52, 0x1A, 0x60, 0xBF, 0xF3, 
0x4F, 0x8F, 0xBF, 0xF3, 0x6F, 0x8F, 0x00, 0xBF, 0x08, 0x37, 0xBD, 0x46, 
0x80, 0xBD, 0x00, 0xBF, 0xB8, 0x0D, 0x00, 0x20, 0xE4, 0x08, 0x00, 0x20, 
0xC4, 0x0D, 0x00, 0x20, 0xD4, 0x0D, 0x00, 0x20, 0xC0, 0x0D, 0x00, 0x20, 
0xE8, 0x08, 0x00, 0x20, 0x04, 0xED, 0x00, 0xE0, 0x80, 0xB5, 0x84, 0xB0, 
0x00, 0xAF, 0x78, 0x60, 0x00, 0x23, 0xFB, 0x60, 0x7B, 0x68, 0x00, 0x2B, 
0x18, 0xD0, 0x14, 0x4B, 0x1B, 0x68, 0x00, 0x2B, 0x0B, 0xD0, 0x4F, 0xF0, 
0x50, 0x03, 0x83, 0xF3, 0x11, 0x88, 0xBF, 0xF3, 0x6F, 0x8F, 0xBF, 0xF3, 
0x4F, 0x8F, 0xBB, 0x60, 0x00, 0xBF, 0x00, 0xBF, 0xFD, 0xE7, 0x00, 0xF0, 
0x8B, 0xF8, 0x00, 0x21, 0x78, 0x68, 0x00, 0xF0, 0x09, 0xFD, 0x00, 0xF0, 
0x93, 0xF8, 0xF8, 0x60, 0xFB, 0x68, 0x00, 0x2B, 0x07, 0xD1, 0x07, 0x4B, 
0x4F, 0xF0, 0x80, 0x52, 0x1A, 0x60, 0xBF, 0xF3, 0x4F, 0x8F, 0xBF, 0xF3, 
0x6F, 0x8F, 0x00, 0xBF, 0x10, 0x37, 0xBD, 0x46, 0x80, 0xBD, 0x00, 0xBF, 
0xE0, 0x0D, 0x00, 0x20, 0x04, 0xED, 0x00, 0xE0, 0x80, 0xB5, 0x8A, 0xB0, 
0x04, 0xAF, 0x00, 0x23, 0xBB, 0x60, 0x00, 0x23, 0x7B, 0x60, 0x3A, 0x46, 
0x39, 0x1D, 0x07, 0xF1, 0x08, 0x03, 0x18, 0x46, 0xFF, 0xF7, 0x1C, 0xF8, 
0x39, 0x68, 0x7B, 0x68, 0xBA, 0x68, 0x02, 0x92, 0x01, 0x93, 0x00, 0x23, 
0x00, 0x93, 0x00, 0x23, 0x0A, 0x46, 0x24, 0x49, 0x24, 0x48, 0xFF, 0xF7, 
0xF1, 0xFD, 0x03, 0x46, 0x23, 0x4A, 0x13, 0x60, 0x22, 0x4B, 0x1B, 0x68, 
0x00, 0x2B, 0x02, 0xD0, 0x01, 0x23, 0x7B, 0x61, 0x01, 0xE0, 0x00, 0x23, 
0x7B, 0x61, 0x7B, 0x69, 0x01, 0x2B, 0x02, 0xD1, 0x00, 0xF0, 0x1A, 0xFD, 
0x78, 0x61, 0x7B, 0x69, 0x01, 0x2B, 0x1B, 0xD1, 0x4F, 0xF0, 0x50, 0x03, 
0x83, 0xF3, 0x11, 0x88, 0xBF, 0xF3, 0x6F, 0x8F, 0xBF, 0xF3, 0x4F, 0x8F, 
0x3B, 0x61, 0x00, 0xBF, 0x15, 0x4B, 0x1B, 0x68, 0x54, 0x33, 0x15, 0x4A, 
0x13, 0x60, 0x15, 0x4B, 0x4F, 0xF0, 0xFF, 0x32, 0x1A, 0x60, 0x14, 0x4B, 
0x01, 0x22, 0x1A, 0x60, 0x13, 0x4B, 0x00, 0x22, 0x1A, 0x60, 0x01, 0xF0, 
0xE3, 0xF8, 0x0F, 0xE0, 0x7B, 0x69, 0xB3, 0xF1, 0xFF, 0x3F, 0x0B, 0xD1, 
0x4F, 0xF0, 0x50, 0x03, 0x83, 0xF3, 0x11, 0x88, 0xBF, 0xF3, 0x6F, 0x8F, 
0xBF, 0xF3, 0x4F, 0x8F, 0xFB, 0x60, 0x00, 0xBF, 0x00, 0xBF, 0xFD, 0xE7, 
0x00, 0xBF, 0x18, 0x37, 0xBD, 0x46, 0x80, 0xBD, 0xE4, 0x14, 0x01, 0x08, 
0x15, 0x00, 0x01, 0x08, 0xDC, 0x0D, 0x00, 0x20, 0xE4, 0x08, 0x00, 0x20, 
0x34, 0x00, 0x00, 0x20, 0xD8, 0x0D, 0x00, 0x20, 0xC4, 0x0D, 0x00, 0x20, 
0xBC, 0x0D, 0x00, 0x20, 0x80, 0xB4, 0x00, 0xAF, 0x04, 0x4B, 0x1B, 0x68, 
0x01, 0x33, 0x03, 0x4A, 0x13, 0x60, 0x00, 0xBF, 0xBD, 0x46, 0x5D, 0xF8, 
0x04, 0x7B, 0x70, 0x47, 0xE0, 0x0D, 0x00, 0x20, 0x80, 0xB5, 0x84, 0xB0, 
0x00, 0xAF, 0x00, 0x23, 0xFB, 0x60, 0x00, 0x23, 0xBB, 0x60, 0x42, 0x4B, 
0x1B, 0x68, 0x00, 0x2B, 0x0B, 0xD1, 0x4F, 0xF0, 0x50, 0x03, 0x83, 0xF3, 
0x11, 0x88, 0xBF, 0xF3, 0x6F, 0x8F, 0xBF, 0xF3, 0x4F, 0x8F, 0x3B, 0x60, 
0x00, 0xBF, 0x00, 0xBF, 0xFD, 0xE7, 0x01, 0xF0, 0x3B, 0xF9, 0x39, 0x4B, 
0x1B, 0x68, 0x01, 0x3B, 0x37, 0x4A, 0x13, 0x60, 0x36, 0x4B, 0x1B, 0x68, 
0x00, 0x2B, 0x62, 0xD1, 0x35, 0x4B, 0x1B, 0x68, 0x00, 0x2B, 0x5E, 0xD0, 
0x2F, 0xE0, 0x34, 0x4B, 0xDB, 0x68, 0xDB, 0x68, 0xFB, 0x60, 0xFB, 0x68, 
0x18, 0x33, 0x18, 0x46, 0xFF, 0xF7, 0x3A, 0xF8, 0xFB, 0x68, 0x04, 0x33, 
0x18, 0x46, 0xFF, 0xF7, 0x35, 0xF8, 0xFB, 0x68, 0xDA, 0x6A, 0x2D, 0x4B, 
0x1B, 0x68, 0x9A, 0x42, 0x03, 0xD9, 0xFB, 0x68, 0xDB, 0x6A, 0x2A, 0x4A, 
0x13, 0x60, 0xFB, 0x68, 0xDA, 0x6A, 0x13, 0x46, 0x9B, 0x00, 0x13, 0x44, 
0x9B, 0x00, 0x27, 0x4A, 0x1A, 0x44, 0xFB, 0x68, 0x04, 0x33, 0x19, 0x46, 
0x10, 0x46, 0xFE, 0xF7, 0xC0, 0xFF, 0xFB, 0x68, 0xDA, 0x6A, 0x23, 0x4B, 
0x1B, 0x68, 0xDB, 0x6A, 0x9A, 0x42, 0x02, 0xD3, 0x21, 0x4B, 0x01, 0x22, 
0x1A, 0x60, 0x1C, 0x4B, 0x1B, 0x68, 0x00, 0x2B, 0xCB, 0xD1, 0xFB, 0x68, 
0x00, 0x2B, 0x01, 0xD0, 0x00, 0xF0, 0x66, 0xFB, 0x1C, 0x4B, 0x1B, 0x68, 
0x7B, 0x60, 0x7B, 0x68, 0x00, 0x2B, 0x10, 0xD0, 0x00, 0xF0, 0x46, 0xF8, 
0x03, 0x46, 0x00, 0x2B, 0x02, 0xD0, 0x16, 0x4B, 0x01, 0x22, 0x1A, 0x60, 
0x7B, 0x68, 0x01, 0x3B, 0x7B, 0x60, 0x7B, 0x68, 0x00, 0x2B, 0xF1, 0xD1, 
0x12, 0x4B, 0x00, 0x22, 0x1A, 0x60, 0x10, 0x4B, 0x1B, 0x68, 0x00, 0x2B, 
0x09, 0xD0, 0x01, 0x23, 0xBB, 0x60, 0x0F, 0x4B, 0x4F, 0xF0, 0x80, 0x52, 
0x1A, 0x60, 0xBF, 0xF3, 0x4F, 0x8F, 0xBF, 0xF3, 0x6F, 0x8F, 0x01, 0xF0, 
0xFF, 0xF8, 0xBB, 0x68, 0x18, 0x46, 0x10, 0x37, 0xBD, 0x46, 0x80, 0xBD, 
0xE0, 0x0D, 0x00, 0x20, 0xB8, 0x0D, 0x00, 0x20, 0x78, 0x0D, 0x00, 0x20, 
0xC0, 0x0D, 0x00, 0x20, 0xE8, 0x08, 0x00, 0x20, 0xE4, 0x08, 0x00, 0x20, 
0xCC, 0x0D, 0x00, 0x20, 0xC8, 0x0D, 0x00, 0x20, 0x04, 0xED, 0x00, 0xE0, 
0x80, 0xB4, 0x83, 0xB0, 0x00, 0xAF, 0x05, 0x4B, 0x1B, 0x68, 0x7B, 0x60, 
0x7B, 0x68, 0x18, 0x46, 0x0C, 0x37, 0xBD, 0x46, 0x5D, 0xF8, 0x04, 0x7B, 
0x70, 0x47, 0x00, 0xBF, 0xBC, 0x0D, 0x00, 0x20, 0x80, 0xB5, 0x86, 0xB0, 
0x00, 0xAF, 0x00, 0x23, 0x7B, 0x61, 0x4F, 0x4B, 0x1B, 0x68, 0x00, 0x2B, 
0x40, 0xF0, 0x90, 0x80, 0x4D, 0x4B, 0x1B, 0x68, 0x01, 0x33, 0x3B, 0x61, 
0x4B, 0x4A, 0x3B, 0x69, 0x13, 0x60, 0x3B, 0x69, 0x00, 0x2B, 0x21, 0xD1, 
0x49, 0x4B, 0x1B, 0x68, 0x1B, 0x68, 0x00, 0x2B, 0x0B, 0xD0, 0x4F, 0xF0, 
0x50, 0x03, 0x83, 0xF3, 0x11, 0x88, 0xBF, 0xF3, 0x6F, 0x8F, 0xBF, 0xF3, 
0x4F, 0x8F, 0x3B, 0x60, 0x00, 0xBF, 0x00, 0xBF, 0xFD, 0xE7, 0x41, 0x4B, 
0x1B, 0x68, 0xFB, 0x60, 0x40, 0x4B, 0x1B, 0x68, 0x3E, 0x4A, 0x13, 0x60, 
0x3E, 0x4A, 0xFB, 0x68, 0x13, 0x60, 0x3E, 0x4B, 0x1B, 0x68, 0x01, 0x33, 
0x3C, 0x4A, 0x13, 0x60, 0x00, 0xF0, 0xE2, 0xFA, 0x3B, 0x4B, 0x1B, 0x68, 
0x3A, 0x69, 0x9A, 0x42, 0x49, 0xD3, 0x36, 0x4B, 0x1B, 0x68, 0x1B, 0x68, 
0x00, 0x2B, 0x04, 0xD1, 0x36, 0x4B, 0x4F, 0xF0, 0xFF, 0x32, 0x1A, 0x60, 
0x3F, 0xE0, 0x31, 0x4B, 0x1B, 0x68, 0xDB, 0x68, 0xDB, 0x68, 0xBB, 0x60, 
0xBB, 0x68, 0x5B, 0x68, 0x7B, 0x60, 0x3A, 0x69, 0x7B, 0x68, 0x9A, 0x42, 
0x03, 0xD2, 0x2E, 0x4A, 0x7B, 0x68, 0x13, 0x60, 0x2F, 0xE0, 0xBB, 0x68, 
0x04, 0x33, 0x18, 0x46, 0xFE, 0xF7, 0x62, 0xFF, 0xBB, 0x68, 0x9B, 0x6A, 
0x00, 0x2B, 0x04, 0xD0, 0xBB, 0x68, 0x18, 0x33, 0x18, 0x46, 0xFE, 0xF7, 
0x59, 0xFF, 0xBB, 0x68, 0xDA, 0x6A, 0x25, 0x4B, 0x1B, 0x68, 0x9A, 0x42, 
0x03, 0xD9, 0xBB, 0x68, 0xDB, 0x6A, 0x22, 0x4A, 0x13, 0x60, 0xBB, 0x68, 
0xDA, 0x6A, 0x13, 0x46, 0x9B, 0x00, 0x13, 0x44, 0x9B, 0x00, 0x1F, 0x4A, 
0x1A, 0x44, 0xBB, 0x68, 0x04, 0x33, 0x19, 0x46, 0x10, 0x46, 0xFE, 0xF7, 
0xE4, 0xFE, 0xBB, 0x68, 0xDA, 0x6A, 0x1B, 0x4B, 0x1B, 0x68, 0xDB, 0x6A, 
0x9A, 0x42, 0xB8, 0xD3, 0x01, 0x23, 0x7B, 0x61, 0xB5, 0xE7, 0x17, 0x4B, 
0x1B, 0x68, 0xDA, 0x6A, 0x14, 0x49, 0x13, 0x46, 0x9B, 0x00, 0x13, 0x44, 
0x9B, 0x00, 0x0B, 0x44, 0x1B, 0x68, 0x01, 0x2B, 0x01, 0xD9, 0x01, 0x23, 
0x7B, 0x61, 0x11, 0x4B, 0x1B, 0x68, 0x00, 0x2B, 0x07, 0xD0, 0x01, 0x23, 
0x7B, 0x61, 0x04, 0xE0, 0x0E, 0x4B, 0x1B, 0x68, 0x01, 0x33, 0x0D, 0x4A, 
0x13, 0x60, 0x7B, 0x69, 0x18, 0x46, 0x18, 0x37, 0xBD, 0x46, 0x80, 0xBD, 
0xE0, 0x0D, 0x00, 0x20, 0xBC, 0x0D, 0x00, 0x20, 0x70, 0x0D, 0x00, 0x20, 
0x74, 0x0D, 0x00, 0x20, 0xD0, 0x0D, 0x00, 0x20, 0xD8, 0x0D, 0x00, 0x20, 
0xC0, 0x0D, 0x00, 0x20, 0xE8, 0x08, 0x00, 0x20, 0xE4, 0x08, 0x00, 0x20, 
0xCC, 0x0D, 0x00, 0x20, 0xC8, 0x0D, 0x00, 0x20, 0x80, 0xB4, 0x85, 0xB0, 
0x00, 0xAF, 0x2B, 0x4B, 0x1B, 0x68, 0x00, 0x2B, 0x03, 0xD0, 0x2A, 0x4B, 
0x01, 0x22, 0x1A, 0x60, 0x47, 0xE0, 0x28, 0x4B, 0x00, 0x22, 0x1A, 0x60, 
0x27, 0x4B, 0x1B, 0x68, 0xFB, 0x60, 0x11, 0xE0, 0xFB, 0x68, 0x00, 0x2B, 
0x0B, 0xD1, 0x4F, 0xF0, 0x50, 0x03, 0x83, 0xF3, 0x11, 0x88, 0xBF, 0xF3, 
0x6F, 0x8F, 0xBF, 0xF3, 0x4F, 0x8F, 0x7B, 0x60, 0x00, 0xBF, 0x00, 0xBF, 
0xFD, 0xE7, 0xFB, 0x68, 0x01, 0x3B, 0xFB, 0x60, 0x1D, 0x49, 0xFA, 0x68, 
0x13, 0x46, 0x9B, 0x00, 0x13, 0x44, 0x9B, 0x00, 0x0B, 0x44, 0x1B, 0x68, 
0x00, 0x2B, 0xE3, 0xD0, 0xFA, 0x68, 0x13, 0x46, 0x9B, 0x00, 0x13, 0x44, 
0x9B, 0x00, 0x16, 0x4A, 0x13, 0x44, 0xBB, 0x60, 0xBB, 0x68, 0x5B, 0x68, 
0x5A, 0x68, 0xBB, 0x68, 0x5A, 0x60, 0xBB, 0x68, 0x5A, 0x68, 0xBB, 0x68, 
0x08, 0x33, 0x9A, 0x42, 0x04, 0xD1, 0xBB, 0x68, 0x5B, 0x68, 0x5A, 0x68, 
0xBB, 0x68, 0x5A, 0x60, 0xBB, 0x68, 0x5B, 0x68, 0xDB, 0x68, 0x0C, 0x4A, 
0x13, 0x60, 0x09, 0x4A, 0xFB, 0x68, 0x13, 0x60, 0x09, 0x4B, 0x1B, 0x68, 
0x54, 0x33, 0x09, 0x4A, 0x13, 0x60, 0x00, 0xBF, 0x14, 0x37, 0xBD, 0x46, 
0x5D, 0xF8, 0x04, 0x7B, 0x70, 0x47, 0x00, 0xBF, 0xE0, 0x0D, 0x00, 0x20, 
0xCC, 0x0D, 0x00, 0x20, 0xC0, 0x0D, 0x00, 0x20, 0xE8, 0x08, 0x00, 0x20, 
0xE4, 0x08, 0x00, 0x20, 0x34, 0x00, 0x00, 0x20, 0x80, 0xB5, 0x84, 0xB0, 
0x00, 0xAF, 0x78, 0x60, 0x39, 0x60, 0x7B, 0x68, 0x00, 0x2B, 0x0B, 0xD1, 
0x4F, 0xF0, 0x50, 0x03, 0x83, 0xF3, 0x11, 0x88, 0xBF, 0xF3, 0x6F, 0x8F, 
0xBF, 0xF3, 0x4F, 0x8F, 0xFB, 0x60, 0x00, 0xBF, 0x00, 0xBF, 0xFD, 0xE7, 
0x07, 0x4B, 0x1B, 0x68, 0x18, 0x33, 0x19, 0x46, 0x78, 0x68, 0xFE, 0xF7, 
0x48, 0xFE, 0x01, 0x21, 0x38, 0x68, 0x00, 0xF0, 0x87, 0xFA, 0x00, 0xBF, 
0x10, 0x37, 0xBD, 0x46, 0x80, 0xBD, 0x00, 0xBF, 0xE4, 0x08, 0x00, 0x20, 
0x80, 0xB5, 0x86, 0xB0, 0x00, 0xAF, 0xF8, 0x60, 0xB9, 0x60, 0x7A, 0x60, 
0xFB, 0x68, 0x00, 0x2B, 0x0B, 0xD1, 0x4F, 0xF0, 0x50, 0x03, 0x83, 0xF3, 
0x11, 0x88, 0xBF, 0xF3, 0x6F, 0x8F, 0xBF, 0xF3, 0x4F, 0x8F, 0x7B, 0x61, 
0x00, 0xBF, 0x00, 0xBF, 0xFD, 0xE7, 0x0A, 0x4B, 0x1B, 0x68, 0x18, 0x33, 
0x19, 0x46, 0xF8, 0x68, 0xFE, 0xF7, 0xFD, 0xFD, 0x7B, 0x68, 0x00, 0x2B, 
0x02, 0xD0, 0x4F, 0xF0, 0xFF, 0x33, 0xBB, 0x60, 0x79, 0x68, 0xB8, 0x68, 
0x00, 0xF0, 0x5A, 0xFA, 0x00, 0xBF, 0x18, 0x37, 0xBD, 0x46, 0x80, 0xBD, 
0xE4, 0x08, 0x00, 0x20, 0x80, 0xB5, 0x86, 0xB0, 0x00, 0xAF, 0x78, 0x60, 
0x7B, 0x68, 0xDB, 0x68, 0xDB, 0x68, 0x3B, 0x61, 0x3B, 0x69, 0x00, 0x2B, 
0x0B, 0xD1, 0x4F, 0xF0, 0x50, 0x03, 0x83, 0xF3, 0x11, 0x88, 0xBF, 0xF3, 
0x6F, 0x8F, 0xBF, 0xF3, 0x4F, 0x8F, 0xFB, 0x60, 0x00, 0xBF, 0x00, 0xBF, 
0xFD, 0xE7, 0x3B, 0x69, 0x18, 0x33, 0x18, 0x46, 0xFE, 0xF7, 0x2E, 0xFE, 
0x1D, 0x4B, 0x1B, 0x68, 0x00, 0x2B, 0x1D, 0xD1, 0x3B, 0x69, 0x04, 0x33, 
0x18, 0x46, 0xFE, 0xF7, 0x25, 0xFE, 0x3B, 0x69, 0xDA, 0x6A, 0x19, 0x4B, 
0x1B, 0x68, 0x9A, 0x42, 0x03, 0xD9, 0x3B, 0x69, 0xDB, 0x6A, 0x16, 0x4A, 
0x13, 0x60, 0x3B, 0x69, 0xDA, 0x6A, 0x13, 0x46, 0x9B, 0x00, 0x13, 0x44, 
0x9B, 0x00, 0x13, 0x4A, 0x1A, 0x44, 0x3B, 0x69, 0x04, 0x33, 0x19, 0x46, 
0x10, 0x46, 0xFE, 0xF7, 0xB0, 0xFD, 0x05, 0xE0, 0x3B, 0x69, 0x18, 0x33, 
0x19, 0x46, 0x0E, 0x48, 0xFE, 0xF7, 0xA9, 0xFD, 0x3B, 0x69, 0xDA, 0x6A, 
0x0C, 0x4B, 0x1B, 0x68, 0xDB, 0x6A, 0x9A, 0x42, 0x05, 0xD9, 0x01, 0x23, 
0x7B, 0x61, 0x0A, 0x4B, 0x01, 0x22, 0x1A, 0x60, 0x01, 0xE0, 0x00, 0x23, 
0x7B, 0x61, 0x7B, 0x69, 0x18, 0x46, 0x18, 0x37, 0xBD, 0x46, 0x80, 0xBD, 
0xE0, 0x0D, 0x00, 0x20, 0xC0, 0x0D, 0x00, 0x20, 0xE8, 0x08, 0x00, 0x20, 
0x78, 0x0D, 0x00, 0x20, 0xE4, 0x08, 0x00, 0x20, 0xCC, 0x0D, 0x00, 0x20, 
0x80, 0xB4, 0x83, 0xB0, 0x00, 0xAF, 0x78, 0x60, 0x06, 0x4B, 0x1A, 0x68, 
0x7B, 0x68, 0x1A, 0x60, 0x05, 0x4B, 0x1A, 0x68, 0x7B, 0x68, 0x5A, 0x60, 
0x00, 0xBF, 0x0C, 0x37, 0xBD, 0x46, 0x5D, 0xF8, 0x04, 0x7B, 0x70, 0x47, 
0xD0, 0x0D, 0x00, 0x20, 0xBC, 0x0D, 0x00, 0x20, 0x80, 0xB5, 0x88, 0xB0, 
0x00, 0xAF, 0x78, 0x60, 0x39, 0x60, 0x7B, 0x68, 0x00, 0x2B, 0x0B, 0xD1, 
0x4F, 0xF0, 0x50, 0x03, 0x83, 0xF3, 0x11, 0x88, 0xBF, 0xF3, 0x6F, 0x8F, 
0xBF, 0xF3, 0x4F, 0x8F, 0x3B, 0x61, 0x00, 0xBF, 0x00, 0xBF, 0xFD, 0xE7, 
0x3B, 0x68, 0x00, 0x2B, 0x0B, 0xD1, 0x4F, 0xF0, 0x50, 0x03, 0x83, 0xF3, 
0x11, 0x88, 0xBF, 0xF3, 0x6F, 0x8F, 0xBF, 0xF3, 0x4F, 0x8F, 0xFB, 0x60, 
0x00, 0xBF, 0x00, 0xBF, 0xFD, 0xE7, 0x00, 0xF0, 0x95, 0xFE, 0x1D, 0x4B, 
0x1B, 0x68, 0xBB, 0x61, 0x7B, 0x68, 0x5B, 0x68, 0xBA, 0x69, 0xD3, 0x1A, 
0x7B, 0x61, 0x3B, 0x68, 0x1B, 0x68, 0xB3, 0xF1, 0xFF, 0x3F, 0x02, 0xD1, 
0x00, 0x23, 0xFB, 0x61, 0x23, 0xE0, 0x7B, 0x68, 0x1A, 0x68, 0x15, 0x4B, 
0x1B, 0x68, 0x9A, 0x42, 0x07, 0xD0, 0x7B, 0x68, 0x5B, 0x68, 0xBA, 0x69, 
0x9A, 0x42, 0x02, 0xD3, 0x01, 0x23, 0xFB, 0x61, 0x15, 0xE0, 0x3B, 0x68, 
0x1B, 0x68, 0x7A, 0x69, 0x9A, 0x42, 0x0B, 0xD2, 0x3B, 0x68, 0x1A, 0x68, 
0x7B, 0x69, 0xD2, 0x1A, 0x3B, 0x68, 0x1A, 0x60, 0x78, 0x68, 0xFF, 0xF7, 
0x99, 0xFF, 0x00, 0x23, 0xFB, 0x61, 0x04, 0xE0, 0x3B, 0x68, 0x00, 0x22, 
0x1A, 0x60, 0x01, 0x23, 0xFB, 0x61, 0x00, 0xF0, 0x91, 0xFE, 0xFB, 0x69, 
0x18, 0x46, 0x20, 0x37, 0xBD, 0x46, 0x80, 0xBD, 0xBC, 0x0D, 0x00, 0x20, 
0xD0, 0x0D, 0x00, 0x20, 0x80, 0xB4, 0x00, 0xAF, 0x03, 0x4B, 0x01, 0x22, 
0x1A, 0x60, 0x00, 0xBF, 0xBD, 0x46, 0x5D, 0xF8, 0x04, 0x7B, 0x70, 0x47, 
0xCC, 0x0D, 0x00, 0x20, 0x80, 0xB5, 0x82, 0xB0, 0x00, 0xAF, 0x78, 0x60, 
0x00, 0xF0, 0x52, 0xF8, 0x06, 0x4B, 0x1B, 0x68, 0x01, 0x2B, 0xF9, 0xD9, 
0x05, 0x4B, 0x4F, 0xF0, 0x80, 0x52, 0x1A, 0x60, 0xBF, 0xF3, 0x4F, 0x8F, 
0xBF, 0xF3, 0x6F, 0x8F, 0xF0, 0xE7, 0x00, 0xBF, 0xE8, 0x08, 0x00, 0x20, 
0x04, 0xED, 0x00, 0xE0, 0x80, 0xB5, 0x82, 0xB0, 0x00, 0xAF, 0x00, 0x23, 
0x7B, 0x60, 0x0C, 0xE0, 0x7A, 0x68, 0x13, 0x46, 0x9B, 0x00, 0x13, 0x44, 
0x9B, 0x00, 0x12, 0x4A, 0x13, 0x44, 0x18, 0x46, 0xFE, 0xF7, 0xAE, 0xFC, 
0x7B, 0x68, 0x01, 0x33, 0x7B, 0x60, 0x7B, 0x68, 0x37, 0x2B, 0xEF, 0xD9, 
0x0D, 0x48, 0xFE, 0xF7, 0xA5, 0xFC, 0x0D, 0x48, 0xFE, 0xF7, 0xA2, 0xFC, 
0x0C, 0x48, 0xFE, 0xF7, 0x9F, 0xFC, 0x0C, 0x48, 0xFE, 0xF7, 0x9C, 0xFC, 
0x0B, 0x48, 0xFE, 0xF7, 0x99, 0xFC, 0x0B, 0x4B, 0x05, 0x4A, 0x1A, 0x60, 
0x0A, 0x4B, 0x05, 0x4A, 0x1A, 0x60, 0x00, 0xBF, 0x08, 0x37, 0xBD, 0x46, 
0x80, 0xBD, 0x00, 0xBF, 0xE8, 0x08, 0x00, 0x20, 0x48, 0x0D, 0x00, 0x20, 
0x5C, 0x0D, 0x00, 0x20, 0x78, 0x0D, 0x00, 0x20, 0x8C, 0x0D, 0x00, 0x20, 
0xA4, 0x0D, 0x00, 0x20, 0x70, 0x0D, 0x00, 0x20, 0x74, 0x0D, 0x00, 0x20, 
0x80, 0xB5, 0x82, 0xB0, 0x00, 0xAF, 0x19, 0xE0, 0x00, 0xF0, 0xEC, 0xFD, 
0x10, 0x4B, 0xDB, 0x68, 0xDB, 0x68, 0x7B, 0x60, 0x7B, 0x68, 0x04, 0x33, 
0x18, 0x46, 0xFE, 0xF7, 0xF9, 0xFC, 0x0D, 0x4B, 0x1B, 0x68, 0x01, 0x3B, 
0x0B, 0x4A, 0x13, 0x60, 0x0B, 0x4B, 0x1B, 0x68, 0x01, 0x3B, 0x0A, 0x4A, 
0x13, 0x60, 0x00, 0xF0, 0x09, 0xFE, 0x78, 0x68, 0x00, 0xF0, 0x10, 0xF8, 
0x06, 0x4B, 0x1B, 0x68, 0x00, 0x2B, 0xE1, 0xD1, 0x00, 0xBF, 0x00, 0xBF, 
0x08, 0x37, 0xBD, 0x46, 0x80, 0xBD, 0x00, 0xBF, 0x8C, 0x0D, 0x00, 0x20, 
0xB8, 0x0D, 0x00, 0x20, 0xA0, 0x0D, 0x00, 0x20, 0x80, 0xB5, 0x84, 0xB0, 
0x00, 0xAF, 0x78, 0x60, 0x7B, 0x68, 0x54, 0x33, 0x18, 0x46, 0x01, 0xF0, 
0xD3, 0xF8, 0x7B, 0x68, 0x93, 0xF8, 0xA5, 0x30, 0x00, 0x2B, 0x08, 0xD1, 
0x7B, 0x68, 0x1B, 0x6B, 0x18, 0x46, 0x00, 0xF0, 0xA1, 0xFF, 0x78, 0x68, 
0x00, 0xF0, 0x9E, 0xFF, 0x19, 0xE0, 0x7B, 0x68, 0x93, 0xF8, 0xA5, 0x30, 
0x01, 0x2B, 0x03, 0xD1, 0x78, 0x68, 0x00, 0xF0, 0x95, 0xFF, 0x10, 0xE0, 
0x7B, 0x68, 0x93, 0xF8, 0xA5, 0x30, 0x02, 0x2B, 0x0B, 0xD0, 0x4F, 0xF0, 
0x50, 0x03, 0x83, 0xF3, 0x11, 0x88, 0xBF, 0xF3, 0x6F, 0x8F, 0xBF, 0xF3, 
0x4F, 0x8F, 0xFB, 0x60, 0x00, 0xBF, 0x00, 0xBF, 0xFD, 0xE7, 0x00, 0xBF, 
0x10, 0x37, 0xBD, 0x46, 0x80, 0xBD, 0x00, 0x00, 0x80, 0xB4, 0x83, 0xB0, 
0x00, 0xAF, 0x0C, 0x4B, 0x1B, 0x68, 0x1B, 0x68, 0x00, 0x2B, 0x04, 0xD1, 
0x0A, 0x4B, 0x4F, 0xF0, 0xFF, 0x32, 0x1A, 0x60, 0x08, 0xE0, 0x07, 0x4B, 
0x1B, 0x68, 0xDB, 0x68, 0xDB, 0x68, 0x7B, 0x60, 0x7B, 0x68, 0x5B, 0x68, 
0x04, 0x4A, 0x13, 0x60, 0x00, 0xBF, 0x0C, 0x37, 0xBD, 0x46, 0x5D, 0xF8, 
0x04, 0x7B, 0x70, 0x47, 0x70, 0x0D, 0x00, 0x20, 0xD8, 0x0D, 0x00, 0x20, 
0x80, 0xB4, 0x83, 0xB0, 0x00, 0xAF, 0x0B, 0x4B, 0x1B, 0x68, 0x00, 0x2B, 
0x02, 0xD1, 0x01, 0x23, 0x7B, 0x60, 0x08, 0xE0, 0x08, 0x4B, 0x1B, 0x68, 
0x00, 0x2B, 0x02, 0xD1, 0x02, 0x23, 0x7B, 0x60, 0x01, 0xE0, 0x00, 0x23, 
0x7B, 0x60, 0x7B, 0x68, 0x18, 0x46, 0x0C, 0x37, 0xBD, 0x46, 0x5D, 0xF8, 
0x04, 0x7B, 0x70, 0x47, 0xC4, 0x0D, 0x00, 0x20, 0xE0, 0x0D, 0x00, 0x20, 
0x80, 0xB5, 0x86, 0xB0, 0x00, 0xAF, 0x78, 0x60, 0x7B, 0x68, 0x3B, 0x61, 
0x00, 0x23, 0x7B, 0x61, 0x7B, 0x68, 0x00, 0x2B, 0x58, 0xD0, 0x2F, 0x4B, 
0x1B, 0x68, 0x3A, 0x69, 0x9A, 0x42, 0x0B, 0xD0, 0x4F, 0xF0, 0x50, 0x03, 
0x83, 0xF3, 0x11, 0x88, 0xBF, 0xF3, 0x6F, 0x8F, 0xBF, 0xF3, 0x4F, 0x8F, 
0xFB, 0x60, 0x00, 0xBF, 0x00, 0xBF, 0xFD, 0xE7, 0x3B, 0x69, 0x1B, 0x6D, 
0x00, 0x2B, 0x0B, 0xD1, 0x4F, 0xF0, 0x50, 0x03, 0x83, 0xF3, 0x11, 0x88, 
0xBF, 0xF3, 0x6F, 0x8F, 0xBF, 0xF3, 0x4F, 0x8F, 0xBB, 0x60, 0x00, 0xBF, 
0x00, 0xBF, 0xFD, 0xE7, 0x3B, 0x69, 0x1B, 0x6D, 0x5A, 0x1E, 0x3B, 0x69, 
0x1A, 0x65, 0x3B, 0x69, 0xDA, 0x6A, 0x3B, 0x69, 0xDB, 0x6C, 0x9A, 0x42, 
0x2C, 0xD0, 0x3B, 0x69, 0x1B, 0x6D, 0x00, 0x2B, 0x28, 0xD1, 0x3B, 0x69, 
0x04, 0x33, 0x18, 0x46, 0xFE, 0xF7, 0x26, 0xFC, 0x3B, 0x69, 0xDA, 0x6C, 
0x3B, 0x69, 0xDA, 0x62, 0x3B, 0x69, 0xDB, 0x6A, 0xC3, 0xF1, 0x38, 0x02, 
0x3B, 0x69, 0x9A, 0x61, 0x3B, 0x69, 0xDA, 0x6A, 0x0F, 0x4B, 0x1B, 0x68, 
0x9A, 0x42, 0x03, 0xD9, 0x3B, 0x69, 0xDB, 0x6A, 0x0C, 0x4A, 0x13, 0x60, 
0x3B, 0x69, 0xDA, 0x6A, 0x13, 0x46, 0x9B, 0x00, 0x13, 0x44, 0x9B, 0x00, 
0x09, 0x4A, 0x1A, 0x44, 0x3B, 0x69, 0x04, 0x33, 0x19, 0x46, 0x10, 0x46, 
0xFE, 0xF7, 0xA7, 0xFB, 0x01, 0x23, 0x7B, 0x61, 0x7B, 0x69, 0x18, 0x46, 
0x18, 0x37, 0xBD, 0x46, 0x80, 0xBD, 0x00, 0xBF, 0xE4, 0x08, 0x00, 0x20, 
0xC0, 0x0D, 0x00, 0x20, 0xE8, 0x08, 0x00, 0x20, 0x80, 0xB5, 0x84, 0xB0, 
0x00, 0xAF, 0x78, 0x60, 0x39, 0x60, 0x21, 0x4B, 0x1B, 0x68, 0xFB, 0x60, 
0x20, 0x4B, 0x1B, 0x68, 0x04, 0x33, 0x18, 0x46, 0xFE, 0xF7, 0xE8, 0xFB, 
0x7B, 0x68, 0xB3, 0xF1, 0xFF, 0x3F, 0x0A, 0xD1, 0x3B, 0x68, 0x00, 0x2B, 
0x07, 0xD0, 0x1A, 0x4B, 0x1B, 0x68, 0x04, 0x33, 0x19, 0x46, 0x19, 0x48, 
0xFE, 0xF7, 0x7D, 0xFB, 0x26, 0xE0, 0xFA, 0x68, 0x7B, 0x68, 0x13, 0x44, 
0xBB, 0x60, 0x14, 0x4B, 0x1B, 0x68, 0xBA, 0x68, 0x5A, 0x60, 0xBA, 0x68, 
0xFB, 0x68, 0x9A, 0x42, 0x09, 0xD2, 0x12, 0x4B, 0x1A, 0x68, 0x0F, 0x4B, 
0x1B, 0x68, 0x04, 0x33, 0x19, 0x46, 0x10, 0x46, 0xFE, 0xF7, 0x8B, 0xFB, 
0x10, 0xE0, 0x0E, 0x4B, 0x1A, 0x68, 0x0A, 0x4B, 0x1B, 0x68, 0x04, 0x33, 
0x19, 0x46, 0x10, 0x46, 0xFE, 0xF7, 0x81, 0xFB, 0x0A, 0x4B, 0x1B, 0x68, 
0xBA, 0x68, 0x9A, 0x42, 0x02, 0xD2, 0x08, 0x4A, 0xBB, 0x68, 0x13, 0x60, 
0x00, 0xBF, 0x10, 0x37, 0xBD, 0x46, 0x80, 0xBD, 0xBC, 0x0D, 0x00, 0x20, 
0xE4, 0x08, 0x00, 0x20, 0xA4, 0x0D, 0x00, 0x20, 0x74, 0x0D, 0x00, 0x20, 
0x70, 0x0D, 0x00, 0x20, 0xD8, 0x0D, 0x00, 0x20, 0x80, 0xB5, 0x8A, 0xB0, 
0x04, 0xAF, 0x00, 0x23, 0x7B, 0x61, 0x00, 0xF0, 0x13, 0xFB, 0x1D, 0x4B, 
0x1B, 0x68, 0x00, 0x2B, 0x21, 0xD0, 0x00, 0x23, 0xFB, 0x60, 0x00, 0x23, 
0xBB, 0x60, 0x3A, 0x1D, 0x07, 0xF1, 0x08, 0x01, 0x07, 0xF1, 0x0C, 0x03, 
0x18, 0x46, 0xFE, 0xF7, 0xE7, 0xFA, 0x79, 0x68, 0xBB, 0x68, 0xFA, 0x68, 
0x02, 0x92, 0x01, 0x93, 0x02, 0x23, 0x00, 0x93, 0x00, 0x23, 0x0A, 0x46, 
0x11, 0x49, 0x12, 0x48, 0xFF, 0xF7, 0xA2, 0xF8, 0x03, 0x46, 0x11, 0x4A, 
0x13, 0x60, 0x10, 0x4B, 0x1B, 0x68, 0x00, 0x2B, 0x01, 0xD0, 0x01, 0x23, 
0x7B, 0x61, 0x7B, 0x69, 0x00, 0x2B, 0x0B, 0xD1, 0x4F, 0xF0, 0x50, 0x03, 
0x83, 0xF3, 0x11, 0x88, 0xBF, 0xF3, 0x6F, 0x8F, 0xBF, 0xF3, 0x4F, 0x8F, 
0x3B, 0x61, 0x00, 0xBF, 0x00, 0xBF, 0xFD, 0xE7, 0x7B, 0x69, 0x18, 0x46, 
0x18, 0x37, 0xBD, 0x46, 0x80, 0xBD, 0x00, 0xBF, 0x14, 0x0E, 0x00, 0x20, 
0xEC, 0x14, 0x01, 0x08, 0x5D, 0x05, 0x01, 0x08, 0x18, 0x0E, 0x00, 0x20, 
0x80, 0xB5, 0x8A, 0xB0, 0x00, 0xAF, 0xF8, 0x60, 0xB9, 0x60, 0x7A, 0x60, 
0x3B, 0x60, 0x00, 0x23, 0x7B, 0x62, 0xFB, 0x68, 0x00, 0x2B, 0x0B, 0xD1, 
0x4F, 0xF0, 0x50, 0x03, 0x83, 0xF3, 0x11, 0x88, 0xBF, 0xF3, 0x6F, 0x8F, 
0xBF, 0xF3, 0x4F, 0x8F, 0x3B, 0x62, 0x00, 0xBF, 0x00, 0xBF, 0xFD, 0xE7, 
0x19, 0x4B, 0x1B, 0x68, 0x00, 0x2B, 0x2A, 0xD0, 0xBB, 0x68, 0x3B, 0x61, 
0x7B, 0x68, 0x7B, 0x61, 0xFB, 0x68, 0xBB, 0x61, 0xBB, 0x68, 0x05, 0x2B, 
0x18, 0xDC, 0xFF, 0xF7, 0xAD, 0xFE, 0x03, 0x46, 0x02, 0x2B, 0x09, 0xD1, 
0x10, 0x4B, 0x18, 0x68, 0x07, 0xF1, 0x10, 0x01, 0x00, 0x23, 0x3A, 0x6B, 
0xFE, 0xF7, 0x5A, 0xFC, 0x78, 0x62, 0x12, 0xE0, 0x0B, 0x4B, 0x18, 0x68, 
0x07, 0xF1, 0x10, 0x01, 0x00, 0x23, 0x00, 0x22, 0xFE, 0xF7, 0x50, 0xFC, 
0x78, 0x62, 0x08, 0xE0, 0x06, 0x4B, 0x18, 0x68, 0x07, 0xF1, 0x10, 0x01, 
0x00, 0x23, 0x3A, 0x68, 0xFE, 0xF7, 0x48, 0xFD, 0x78, 0x62, 0x7B, 0x6A, 
0x18, 0x46, 0x28, 0x37, 0xBD, 0x46, 0x80, 0xBD, 0x14, 0x0E, 0x00, 0x20, 
0x80, 0xB5, 0x88, 0xB0, 0x02, 0xAF, 0x78, 0x60, 0x39, 0x60, 0x23, 0x4B, 
0x1B, 0x68, 0xDB, 0x68, 0xDB, 0x68, 0x7B, 0x61, 0x7B, 0x69, 0x04, 0x33, 
0x18, 0x46, 0xFE, 0xF7, 0xFB, 0xFA, 0x7B, 0x69, 0x93, 0xF8, 0x28, 0x30, 
0x03, 0xF0, 0x04, 0x03, 0x00, 0x2B, 0x23, 0xD0, 0x7B, 0x69, 0x9A, 0x69, 
0x7B, 0x68, 0xD1, 0x18, 0x7B, 0x68, 0x3A, 0x68, 0x78, 0x69, 0x00, 0xF0, 
0xD5, 0xF8, 0x03, 0x46, 0x00, 0x2B, 0x20, 0xD0, 0x00, 0x23, 0x00, 0x93, 
0x00, 0x23, 0x7A, 0x68, 0x00, 0x21, 0x78, 0x69, 0xFF, 0xF7, 0x88, 0xFF, 
0x38, 0x61, 0x3B, 0x69, 0x00, 0x2B, 0x14, 0xD1, 0x4F, 0xF0, 0x50, 0x03, 
0x83, 0xF3, 0x11, 0x88, 0xBF, 0xF3, 0x6F, 0x8F, 0xBF, 0xF3, 0x4F, 0x8F, 
0xFB, 0x60, 0x00, 0xBF, 0x00, 0xBF, 0xFD, 0xE7, 0x7B, 0x69, 0x93, 0xF8, 
0x28, 0x30, 0x23, 0xF0, 0x01, 0x03, 0xDA, 0xB2, 0x7B, 0x69, 0x83, 0xF8, 
0x28, 0x20, 0x7B, 0x69, 0x1B, 0x6A, 0x78, 0x69, 0x98, 0x47, 0x00, 0xBF, 
0x18, 0x37, 0xBD, 0x46, 0x80, 0xBD, 0x00, 0xBF, 0x0C, 0x0E, 0x00, 0x20, 
0x80, 0xB5, 0x84, 0xB0, 0x00, 0xAF, 0x78, 0x60, 0x07, 0xF1, 0x08, 0x03, 
0x18, 0x46, 0x00, 0xF0, 0x59, 0xF8, 0xF8, 0x60, 0xBB, 0x68, 0x19, 0x46, 
0xF8, 0x68, 0x00, 0xF0, 0x05, 0xF8, 0x00, 0xF0, 0xD7, 0xF8, 0x00, 0xBF, 
0xF0, 0xE7, 0x00, 0x00, 0x80, 0xB5, 0x84, 0xB0, 0x00, 0xAF, 0x78, 0x60, 
0x39, 0x60, 0xFF, 0xF7, 0x29, 0xFA, 0x07, 0xF1, 0x08, 0x03, 0x18, 0x46, 
0x00, 0xF0, 0x66, 0xF8, 0xF8, 0x60, 0xBB, 0x68, 0x00, 0x2B, 0x30, 0xD1, 
0x3B, 0x68, 0x00, 0x2B, 0x0A, 0xD1, 0x7A, 0x68, 0xFB, 0x68, 0x9A, 0x42, 
0x06, 0xD8, 0xFF, 0xF7, 0x25, 0xFA, 0xF9, 0x68, 0x78, 0x68, 0xFF, 0xF7, 
0x81, 0xFF, 0x24, 0xE0, 0x3B, 0x68, 0x00, 0x2B, 0x08, 0xD0, 0x13, 0x4B, 
0x1B, 0x68, 0x1B, 0x68, 0x00, 0x2B, 0x01, 0xD1, 0x01, 0x23, 0x00, 0xE0, 
0x00, 0x23, 0x3B, 0x60, 0x0F, 0x4B, 0x18, 0x68, 0x7A, 0x68, 0xFB, 0x68, 
0xD3, 0x1A, 0x3A, 0x68, 0x19, 0x46, 0xFE, 0xF7, 0x65, 0xFF, 0xFF, 0xF7, 
0x09, 0xFA, 0x03, 0x46, 0x00, 0x2B, 0x0A, 0xD1, 0x09, 0x4B, 0x4F, 0xF0, 
0x80, 0x52, 0x1A, 0x60, 0xBF, 0xF3, 0x4F, 0x8F, 0xBF, 0xF3, 0x6F, 0x8F, 
0x01, 0xE0, 0xFF, 0xF7, 0xFB, 0xF9, 0x00, 0xBF, 0x10, 0x37, 0xBD, 0x46, 
0x80, 0xBD, 0x00, 0xBF, 0x10, 0x0E, 0x00, 0x20, 0x14, 0x0E, 0x00, 0x20, 
0x04, 0xED, 0x00, 0xE0, 0x80, 0xB4, 0x85, 0xB0, 0x00, 0xAF, 0x78, 0x60, 
0x0E, 0x4B, 0x1B, 0x68, 0x1B, 0x68, 0x00, 0x2B, 0x01, 0xD1, 0x01, 0x22, 
0x00, 0xE0, 0x00, 0x22, 0x7B, 0x68, 0x1A, 0x60, 0x7B, 0x68, 0x1B, 0x68, 
0x00, 0x2B, 0x05, 0xD1, 0x07, 0x4B, 0x1B, 0x68, 0xDB, 0x68, 0x1B, 0x68, 
0xFB, 0x60, 0x01, 0xE0, 0x00, 0x23, 0xFB, 0x60, 0xFB, 0x68, 0x18, 0x46, 
0x14, 0x37, 0xBD, 0x46, 0x5D, 0xF8, 0x04, 0x7B, 0x70, 0x47, 0x00, 0xBF, 
0x0C, 0x0E, 0x00, 0x20, 0x80, 0xB5, 0x84, 0xB0, 0x00, 0xAF, 0x78, 0x60, 
0xFF, 0xF7, 0x64, 0xFA, 0xF8, 0x60, 0x0B, 0x4B, 0x1B, 0x68, 0xFA, 0x68, 
0x9A, 0x42, 0x05, 0xD2, 0x00, 0xF0, 0x3A, 0xF9, 0x7B, 0x68, 0x01, 0x22, 
0x1A, 0x60, 0x02, 0xE0, 0x7B, 0x68, 0x00, 0x22, 0x1A, 0x60, 0x04, 0x4A, 
0xFB, 0x68, 0x13, 0x60, 0xFB, 0x68, 0x18, 0x46, 0x10, 0x37, 0xBD, 0x46, 
0x80, 0xBD, 0x00, 0xBF, 0x1C, 0x0E, 0x00, 0x20, 0x80, 0xB5, 0x86, 0xB0, 
0x00, 0xAF, 0xF8, 0x60, 0xB9, 0x60, 0x7A, 0x60, 0x3B, 0x60, 0x00, 0x23, 
0x7B, 0x61, 0xFB, 0x68, 0xBA, 0x68, 0x5A, 0x60, 0xFB, 0x68, 0xFA, 0x68, 
0x1A, 0x61, 0xBA, 0x68, 0x7B, 0x68, 0x9A, 0x42, 0x12, 0xD8, 0x7A, 0x68, 
0x3B, 0x68, 0xD2, 0x1A, 0xFB, 0x68, 0x9B, 0x69, 0x9A, 0x42, 0x02, 0xD3, 
0x01, 0x23, 0x7B, 0x61, 0x1B, 0xE0, 0x10, 0x4B, 0x1A, 0x68, 0xFB, 0x68, 
0x04, 0x33, 0x19, 0x46, 0x10, 0x46, 0xFE, 0xF7, 0xB8, 0xF9, 0x12, 0xE0, 
0x7A, 0x68, 0x3B, 0x68, 0x9A, 0x42, 0x06, 0xD2, 0xBA, 0x68, 0x3B, 0x68, 
0x9A, 0x42, 0x02, 0xD3, 0x01, 0x23, 0x7B, 0x61, 0x07, 0xE0, 0x07, 0x4B, 
0x1A, 0x68, 0xFB, 0x68, 0x04, 0x33, 0x19, 0x46, 0x10, 0x46, 0xFE, 0xF7, 
0xA4, 0xF9, 0x7B, 0x69, 0x18, 0x46, 0x18, 0x37, 0xBD, 0x46, 0x80, 0xBD, 
0x10, 0x0E, 0x00, 0x20, 0x0C, 0x0E, 0x00, 0x20, 0x80, 0xB5, 0x8E, 0xB0, 
0x02, 0xAF, 0xCE, 0xE0, 0x7B, 0x68, 0x00, 0x2B, 0x19, 0xDA, 0x3B, 0x1D, 
0x04, 0x33, 0xFB, 0x62, 0xFB, 0x6A, 0x00, 0x2B, 0x0B, 0xD1, 0x4F, 0xF0, 
0x50, 0x03, 0x83, 0xF3, 0x11, 0x88, 0xBF, 0xF3, 0x6F, 0x8F, 0xBF, 0xF3, 
0x4F, 0x8F, 0xFB, 0x61, 0x00, 0xBF, 0x00, 0xBF, 0xFD, 0xE7, 0xFB, 0x6A, 
0x1B, 0x68, 0xFA, 0x6A, 0x50, 0x68, 0xFA, 0x6A, 0x92, 0x68, 0x11, 0x46, 
0x98, 0x47, 0x7B, 0x68, 0x00, 0x2B, 0xC0, 0xF2, 0xAE, 0x80, 0xFB, 0x68, 
0xBB, 0x62, 0xBB, 0x6A, 0x5B, 0x69, 0x00, 0x2B, 0x04, 0xD0, 0xBB, 0x6A, 
0x04, 0x33, 0x18, 0x46, 0xFE, 0xF7, 0xA4, 0xF9, 0x3B, 0x46, 0x18, 0x46, 
0xFF, 0xF7, 0x6A, 0xFF, 0x78, 0x62, 0x7B, 0x68, 0x09, 0x2B, 0x00, 0xF2, 
0x97, 0x80, 0x01, 0xA2, 0x52, 0xF8, 0x23, 0xF0, 0xCD, 0x07, 0x01, 0x08, 
0xCD, 0x07, 0x01, 0x08, 0xCD, 0x07, 0x01, 0x08, 0x43, 0x08, 0x01, 0x08, 
0x57, 0x08, 0x01, 0x08, 0xA3, 0x08, 0x01, 0x08, 0xCD, 0x07, 0x01, 0x08, 
0xCD, 0x07, 0x01, 0x08, 0x43, 0x08, 0x01, 0x08, 0x57, 0x08, 0x01, 0x08, 
0xBB, 0x6A, 0x93, 0xF8, 0x28, 0x30, 0x43, 0xF0, 0x01, 0x03, 0xDA, 0xB2, 
0xBB, 0x6A, 0x83, 0xF8, 0x28, 0x20, 0xBA, 0x68, 0xBB, 0x6A, 0x9B, 0x69, 
0xD1, 0x18, 0xBB, 0x68, 0x7A, 0x6A, 0xB8, 0x6A, 0xFF, 0xF7, 0x5C, 0xFF, 
0x03, 0x46, 0x00, 0x2B, 0x6C, 0xD0, 0xBB, 0x6A, 0x1B, 0x6A, 0xB8, 0x6A, 
0x98, 0x47, 0xBB, 0x6A, 0x93, 0xF8, 0x28, 0x30, 0x03, 0xF0, 0x04, 0x03, 
0x00, 0x2B, 0x61, 0xD0, 0xBA, 0x68, 0xBB, 0x6A, 0x9B, 0x69, 0x1A, 0x44, 
0x00, 0x23, 0x00, 0x93, 0x00, 0x23, 0x00, 0x21, 0xB8, 0x6A, 0xFF, 0xF7, 
0x01, 0xFE, 0x38, 0x62, 0x3B, 0x6A, 0x00, 0x2B, 0x52, 0xD1, 0x4F, 0xF0, 
0x50, 0x03, 0x83, 0xF3, 0x11, 0x88, 0xBF, 0xF3, 0x6F, 0x8F, 0xBF, 0xF3, 
0x4F, 0x8F, 0xBB, 0x61, 0x00, 0xBF, 0x00, 0xBF, 0xFD, 0xE7, 0xBB, 0x6A, 
0x93, 0xF8, 0x28, 0x30, 0x23, 0xF0, 0x01, 0x03, 0xDA, 0xB2, 0xBB, 0x6A, 
0x83, 0xF8, 0x28, 0x20, 0x3D, 0xE0, 0xBB, 0x6A, 0x93, 0xF8, 0x28, 0x30, 
0x43, 0xF0, 0x01, 0x03, 0xDA, 0xB2, 0xBB, 0x6A, 0x83, 0xF8, 0x28, 0x20, 
0xBA, 0x68, 0xBB, 0x6A, 0x9A, 0x61, 0xBB, 0x6A, 0x9B, 0x69, 0x00, 0x2B, 
0x0B, 0xD1, 0x4F, 0xF0, 0x50, 0x03, 0x83, 0xF3, 0x11, 0x88, 0xBF, 0xF3, 
0x6F, 0x8F, 0xBF, 0xF3, 0x4F, 0x8F, 0x7B, 0x61, 0x00, 0xBF, 0x00, 0xBF, 
0xFD, 0xE7, 0xBB, 0x6A, 0x9A, 0x69, 0x7B, 0x6A, 0xD1, 0x18, 0x7B, 0x6A, 
0x7A, 0x6A, 0xB8, 0x6A, 0xFF, 0xF7, 0x04, 0xFF, 0x17, 0xE0, 0xBB, 0x6A, 
0x93, 0xF8, 0x28, 0x30, 0x03, 0xF0, 0x02, 0x03, 0x00, 0x2B, 0x03, 0xD1, 
0xB8, 0x6A, 0x00, 0xF0, 0xE9, 0xFB, 0x0C, 0xE0, 0xBB, 0x6A, 0x93, 0xF8, 
0x28, 0x30, 0x23, 0xF0, 0x01, 0x03, 0xDA, 0xB2, 0xBB, 0x6A, 0x83, 0xF8, 
0x28, 0x20, 0x02, 0xE0, 0x00, 0xBF, 0x00, 0xE0, 0x00, 0xBF, 0x08, 0x4B, 
0x1B, 0x68, 0x39, 0x1D, 0x00, 0x22, 0x18, 0x46, 0xFE, 0xF7, 0xCE, 0xFB, 
0x03, 0x46, 0x00, 0x2B, 0x7F, 0xF4, 0x26, 0xAF, 0x00, 0xBF, 0x00, 0xBF, 
0x30, 0x37, 0xBD, 0x46, 0x80, 0xBD, 0x00, 0xBF, 0x14, 0x0E, 0x00, 0x20, 
0x80, 0xB5, 0x88, 0xB0, 0x02, 0xAF, 0x49, 0xE0, 0x2E, 0x4B, 0x1B, 0x68, 
0xDB, 0x68, 0x1B, 0x68, 0x3B, 0x61, 0x2C, 0x4B, 0x1B, 0x68, 0xDB, 0x68, 
0xDB, 0x68, 0xFB, 0x60, 0xFB, 0x68, 0x04, 0x33, 0x18, 0x46, 0xFE, 0xF7, 
0xDB, 0xF8, 0xFB, 0x68, 0x1B, 0x6A, 0xF8, 0x68, 0x98, 0x47, 0xFB, 0x68, 
0x93, 0xF8, 0x28, 0x30, 0x03, 0xF0, 0x04, 0x03, 0x00, 0x2B, 0x2F, 0xD0, 
0xFB, 0x68, 0x9B, 0x69, 0x3A, 0x69, 0x13, 0x44, 0xBB, 0x60, 0xBA, 0x68, 
0x3B, 0x69, 0x9A, 0x42, 0x0E, 0xD9, 0xFB, 0x68, 0xBA, 0x68, 0x5A, 0x60, 
0xFB, 0x68, 0xFA, 0x68, 0x1A, 0x61, 0x1A, 0x4B, 0x1A, 0x68, 0xFB, 0x68, 
0x04, 0x33, 0x19, 0x46, 0x10, 0x46, 0xFE, 0xF7, 0x80, 0xF8, 0x17, 0xE0, 
0x00, 0x23, 0x00, 0x93, 0x00, 0x23, 0x3A, 0x69, 0x00, 0x21, 0xF8, 0x68, 
0xFF, 0xF7, 0x58, 0xFD, 0x78, 0x60, 0x7B, 0x68, 0x00, 0x2B, 0x0B, 0xD1, 
0x4F, 0xF0, 0x50, 0x03, 0x83, 0xF3, 0x11, 0x88, 0xBF, 0xF3, 0x6F, 0x8F, 
0xBF, 0xF3, 0x4F, 0x8F, 0x3B, 0x60, 0x00, 0xBF, 0x00, 0xBF, 0xFD, 0xE7, 
0x09, 0x4B, 0x1B, 0x68, 0x1B, 0x68, 0x00, 0x2B, 0xB0, 0xD1, 0x07, 0x4B, 
0x1B, 0x68, 0x7B, 0x61, 0x06, 0x4B, 0x1B, 0x68, 0x04, 0x4A, 0x13, 0x60, 
0x04, 0x4A, 0x7B, 0x69, 0x13, 0x60, 0x00, 0xBF, 0x18, 0x37, 0xBD, 0x46, 
0x80, 0xBD, 0x00, 0xBF, 0x0C, 0x0E, 0x00, 0x20, 0x10, 0x0E, 0x00, 0x20, 
0x80, 0xB5, 0x82, 0xB0, 0x02, 0xAF, 0x00, 0xF0, 0x6D, 0xF9, 0x15, 0x4B, 
0x1B, 0x68, 0x00, 0x2B, 0x20, 0xD1, 0x14, 0x48, 0xFD, 0xF7, 0xF2, 0xFF, 
0x13, 0x48, 0xFD, 0xF7, 0xEF, 0xFF, 0x13, 0x4B, 0x10, 0x4A, 0x1A, 0x60, 
0x12, 0x4B, 0x10, 0x4A, 0x1A, 0x60, 0x00, 0x23, 0x00, 0x93, 0x11, 0x4B, 
0x11, 0x4A, 0x10, 0x21, 0x0A, 0x20, 0xFE, 0xF7, 0xFF, 0xF8, 0x03, 0x46, 
0x08, 0x4A, 0x13, 0x60, 0x07, 0x4B, 0x1B, 0x68, 0x00, 0x2B, 0x05, 0xD0, 
0x05, 0x4B, 0x1B, 0x68, 0x0B, 0x49, 0x18, 0x46, 0xFE, 0xF7, 0x24, 0xFD, 
0x00, 0xF0, 0x78, 0xF9, 0x00, 0xBF, 0xBD, 0x46, 0x80, 0xBD, 0x00, 0xBF, 
0x14, 0x0E, 0x00, 0x20, 0xE4, 0x0D, 0x00, 0x20, 0xF8, 0x0D, 0x00, 0x20, 
0x0C, 0x0E, 0x00, 0x20, 0x10, 0x0E, 0x00, 0x20, 0xC0, 0x0E, 0x00, 0x20, 
0x20, 0x0E, 0x00, 0x20, 0xF4, 0x14, 0x01, 0x08, 0x80, 0xB4, 0x85, 0xB0, 
0x00, 0xAF, 0xF8, 0x60, 0xB9, 0x60, 0x7A, 0x60, 0xFB, 0x68, 0x04, 0x3B, 
0xFB, 0x60, 0xFB, 0x68, 0x4F, 0xF0, 0x80, 0x72, 0x1A, 0x60, 0xFB, 0x68, 
0x04, 0x3B, 0xFB, 0x60, 0xBB, 0x68, 0x23, 0xF0, 0x01, 0x02, 0xFB, 0x68, 
0x1A, 0x60, 0xFB, 0x68, 0x04, 0x3B, 0xFB, 0x60, 0x0C, 0x4A, 0xFB, 0x68, 
0x1A, 0x60, 0xFB, 0x68, 0x14, 0x3B, 0xFB, 0x60, 0x7A, 0x68, 0xFB, 0x68, 
0x1A, 0x60, 0xFB, 0x68, 0x04, 0x3B, 0xFB, 0x60, 0xFB, 0x68, 0x6F, 0xF0, 
0x02, 0x02, 0x1A, 0x60, 0xFB, 0x68, 0x20, 0x3B, 0xFB, 0x60, 0xFB, 0x68, 
0x18, 0x46, 0x14, 0x37, 0xBD, 0x46, 0x5D, 0xF8, 0x04, 0x7B, 0x70, 0x47, 
0xAD, 0x0A, 0x01, 0x08, 0x80, 0xB4, 0x85, 0xB0, 0x00, 0xAF, 0x00, 0x23, 
0x7B, 0x60, 0x13, 0x4B, 0x1B, 0x68, 0xB3, 0xF1, 0xFF, 0x3F, 0x0B, 0xD0, 
0x4F, 0xF0, 0x50, 0x03, 0x83, 0xF3, 0x11, 0x88, 0xBF, 0xF3, 0x6F, 0x8F, 
0xBF, 0xF3, 0x4F, 0x8F, 0xFB, 0x60, 0x00, 0xBF, 0x00, 0xBF, 0xFD, 0xE7, 
0x4F, 0xF0, 0x50, 0x03, 0x83, 0xF3, 0x11, 0x88, 0xBF, 0xF3, 0x6F, 0x8F, 
0xBF, 0xF3, 0x4F, 0x8F, 0xBB, 0x60, 0x00, 0xBF, 0x00, 0xBF, 0x7B, 0x68, 
0x00, 0x2B, 0xFC, 0xD0, 0x00, 0xBF, 0x00, 0xBF, 0x14, 0x37, 0xBD, 0x46, 
0x5D, 0xF8, 0x04, 0x7B, 0x70, 0x47, 0x00, 0xBF, 0x30, 0x00, 0x00, 0x20, 
0x00, 0x00, 0x00, 0x00, 0x00, 0x00, 0x00, 0x00, 0x07, 0x4B, 0x19, 0x68, 
0x08, 0x68, 0xB0, 0xE8, 0xF0, 0x4F, 0x80, 0xF3, 0x09, 0x88, 0xBF, 0xF3, 
0x6F, 0x8F, 0x4F, 0xF0, 0x00, 0x00, 0x80, 0xF3, 0x11, 0x88, 0x70, 0x47, 
0xAF, 0xF3, 0x00, 0x80, 0xE4, 0x08, 0x00, 0x20, 0x00, 0xBF, 0x00, 0xBF, 
0x08, 0x48, 0x00, 0x68, 0x00, 0x68, 0x80, 0xF3, 0x08, 0x88, 0x4F, 0xF0, 
0x00, 0x00, 0x80, 0xF3, 0x14, 0x88, 0x62, 0xB6, 0x61, 0xB6, 0xBF, 0xF3, 
0x4F, 0x8F, 0xBF, 0xF3, 0x6F, 0x8F, 0x00, 0xDF, 0x00, 0xBF, 0x00, 0xBF, 
0x08, 0xED, 0x00, 0xE0, 0x80, 0xB5, 0x86, 0xB0, 0x00, 0xAF, 0x47, 0x4B, 
0x1B, 0x68, 0x47, 0x4A, 0x93, 0x42, 0x0B, 0xD1, 0x4F, 0xF0, 0x50, 0x03, 
0x83, 0xF3, 0x11, 0x88, 0xBF, 0xF3, 0x6F, 0x8F, 0xBF, 0xF3, 0x4F, 0x8F, 
0xFB, 0x60, 0x00, 0xBF, 0x00, 0xBF, 0xFD, 0xE7, 0x3E, 0x4B, 0x1B, 0x68, 
0x3F, 0x4A, 0x93, 0x42, 0x0B, 0xD1, 0x4F, 0xF0, 0x50, 0x03, 0x83, 0xF3, 
0x11, 0x88, 0xBF, 0xF3, 0x6F, 0x8F, 0xBF, 0xF3, 0x4F, 0x8F, 0x3B, 0x61, 
0x00, 0xBF, 0x00, 0xBF, 0xFD, 0xE7, 0x39, 0x4B, 0x7B, 0x61, 0x7B, 0x69, 
0x1B, 0x78, 0xDB, 0xB2, 0x7B, 0x60, 0x7B, 0x69, 0xFF, 0x22, 0x1A, 0x70, 
0x7B, 0x69, 0x1B, 0x78, 0xDB, 0xB2, 0xFB, 0x70, 0xFB, 0x78, 0xDB, 0xB2, 
0x03, 0xF0, 0x50, 0x03, 0xDA, 0xB2, 0x31, 0x4B, 0x1A, 0x70, 0x31, 0x4B, 
0x07, 0x22, 0x1A, 0x60, 0x09, 0xE0, 0x2F, 0x4B, 0x1B, 0x68, 0x01, 0x3B, 
0x2D, 0x4A, 0x13, 0x60, 0xFB, 0x78, 0xDB, 0xB2, 0x5B, 0x00, 0xDB, 0xB2, 
0xFB, 0x70, 0xFB, 0x78, 0xDB, 0xB2, 0x03, 0xF0, 0x80, 0x03, 0x80, 0x2B, 
0xEF, 0xD0, 0x27, 0x4B, 0x1B, 0x68, 0xC3, 0xF1, 0x07, 0x03, 0x04, 0x2B, 
0x0B, 0xD0, 0x4F, 0xF0, 0x50, 0x03, 0x83, 0xF3, 0x11, 0x88, 0xBF, 0xF3, 
0x6F, 0x8F, 0xBF, 0xF3, 0x4F, 0x8F, 0xBB, 0x60, 0x00, 0xBF, 0x00, 0xBF, 
0xFD, 0xE7, 0x1E, 0x4B, 0x1B, 0x68, 0x1B, 0x02, 0x1C, 0x4A, 0x13, 0x60, 
0x1B, 0x4B, 0x1B, 0x68, 0x03, 0xF4, 0xE0, 0x63, 0x19, 0x4A, 0x13, 0x60, 
0x7B, 0x68, 0xDA, 0xB2, 0x7B, 0x69, 0x1A, 0x70, 0x17, 0x4B, 0x1B, 0x68, 
0x16, 0x4A, 0x43, 0xF4, 0x70, 0x03, 0x13, 0x60, 0x14, 0x4B, 0x1B, 0x68, 
0x13, 0x4A, 0x43, 0xF0, 0x70, 0x43, 0x13, 0x60, 0x00, 0xF0, 0xDA, 0xF8, 
0x11, 0x4B, 0x00, 0x22, 0x1A, 0x60, 0x00, 0xF0, 0xF9, 0xF8, 0x10, 0x4B, 
0x1B, 0x68, 0x0F, 0x4A, 0x43, 0xF0, 0x40, 0x43, 0x13, 0x60, 0xFF, 0xF7, 
0x63, 0xFF, 0xFF, 0xF7, 0x2D, 0xF8, 0xFF, 0xF7, 0x19, 0xFF, 0x00, 0x23, 
0x18, 0x46, 0x18, 0x37, 0xBD, 0x46, 0x80, 0xBD, 0x00, 0xED, 0x00, 0xE0, 
0x71, 0xC2, 0x0F, 0x41, 0x70, 0xC2, 0x0F, 0x41, 0x00, 0xE4, 0x00, 0xE0, 
0x10, 0x0F, 0x00, 0x20, 0x14, 0x0F, 0x00, 0x20, 0x20, 0xED, 0x00, 0xE0, 
0x30, 0x00, 0x00, 0x20, 0x34, 0xEF, 0x00, 0xE0, 0x80, 0xB4, 0x83, 0xB0, 
0x00, 0xAF, 0x4F, 0xF0, 0x50, 0x03, 0x83, 0xF3, 0x11, 0x88, 0xBF, 0xF3, 
0x6F, 0x8F, 0xBF, 0xF3, 0x4F, 0x8F, 0x7B, 0x60, 0x00, 0xBF, 0x10, 0x4B, 
0x1B, 0x68, 0x01, 0x33, 0x0E, 0x4A, 0x13, 0x60, 0x0D, 0x4B, 0x1B, 0x68, 
0x01, 0x2B, 0x10, 0xD1, 0x0C, 0x4B, 0x1B, 0x68, 0xDB, 0xB2, 0x00, 0x2B, 
0x0B, 0xD0, 0x4F, 0xF0, 0x50, 0x03, 0x83, 0xF3, 0x11, 0x88, 0xBF, 0xF3, 
0x6F, 0x8F, 0xBF, 0xF3, 0x4F, 0x8F, 0x3B, 0x60, 0x00, 0xBF, 0x00, 0xBF, 
0xFD, 0xE7, 0x00, 0xBF, 0x0C, 0x37, 0xBD, 0x46, 0x5D, 0xF8, 0x04, 0x7B, 
0x70, 0x47, 0x00, 0xBF, 0x30, 0x00, 0x00, 0x20, 0x04, 0xED, 0x00, 0xE0, 
0x80, 0xB4, 0x83, 0xB0, 0x00, 0xAF, 0x12, 0x4B, 0x1B, 0x68, 0x00, 0x2B, 
0x0B, 0xD1, 0x4F, 0xF0, 0x50, 0x03, 0x83, 0xF3, 0x11, 0x88, 0xBF, 0xF3, 
0x6F, 0x8F, 0xBF, 0xF3, 0x4F, 0x8F, 0x7B, 0x60, 0x00, 0xBF, 0x00, 0xBF, 
0xFD, 0xE7, 0x0A, 0x4B, 0x1B, 0x68, 0x01, 0x3B, 0x08, 0x4A, 0x13, 0x60, 
0x07, 0x4B, 0x1B, 0x68, 0x00, 0x2B, 0x05, 0xD1, 0x00, 0x23, 0x3B, 0x60, 
0x3B, 0x68, 0x83, 0xF3, 0x11, 0x88, 0x00, 0xBF, 0x00, 0xBF, 0x0C, 0x37, 
0xBD, 0x46, 0x5D, 0xF8, 0x04, 0x7B, 0x70, 0x47, 0x30, 0x00, 0x00, 0x20, 
0xEF, 0xF3, 0x09, 0x80, 0xBF, 0xF3, 0x6F, 0x8F, 0x15, 0x4B, 0x1A, 0x68, 
0x1E, 0xF0, 0x10, 0x0F, 0x08, 0xBF, 0x20, 0xED, 0x10, 0x8A, 0x20, 0xE9, 
0xF0, 0x4F, 0x10, 0x60, 0x2D, 0xE9, 0x09, 0x00, 0x4F, 0xF0, 0x50, 0x00, 
0x80, 0xF3, 0x11, 0x88, 0xBF, 0xF3, 0x4F, 0x8F, 0xBF, 0xF3, 0x6F, 0x8F, 
0xFE, 0xF7, 0x9E, 0xFF, 0x4F, 0xF0, 0x00, 0x00, 0x80, 0xF3, 0x11, 0x88, 
0x09, 0xBC, 0x19, 0x68, 0x08, 0x68, 0xB0, 0xE8, 0xF0, 0x4F, 0x1E, 0xF0, 
0x10, 0x0F, 0x08, 0xBF, 0xB0, 0xEC, 0x10, 0x8A, 0x80, 0xF3, 0x09, 0x88, 
0xBF, 0xF3, 0x6F, 0x8F, 0x70, 0x47, 0x00, 0xBF, 0xAF, 0xF3, 0x00, 0x80, 
0xE4, 0x08, 0x00, 0x20, 0x00, 0xBF, 0x00, 0xBF, 0x80, 0xB5, 0x82, 0xB0, 
0x00, 0xAF, 0x4F, 0xF0, 0x50, 0x03, 0x83, 0xF3, 0x11, 0x88, 0xBF, 0xF3, 
0x6F, 0x8F, 0xBF, 0xF3, 0x4F, 0x8F, 0x7B, 0x60, 0x00, 0xBF, 0xFE, 0xF7, 
0xBB, 0xFE, 0x03, 0x46, 0x00, 0x2B, 0x03, 0xD0, 0x06, 0x4B, 0x4F, 0xF0, 
0x80, 0x52, 0x1A, 0x60, 0x00, 0x23, 0x3B, 0x60, 0x3B, 0x68, 0x83, 0xF3, 
0x11, 0x88, 0x00, 0xBF, 0x00, 0xBF, 0x08, 0x37, 0xBD, 0x46, 0x80, 0xBD, 
0x04, 0xED, 0x00, 0xE0, 0x80, 0xB4, 0x00, 0xAF, 0x0B, 0x4B, 0x00, 0x22, 
0x1A, 0x60, 0x0B, 0x4B, 0x00, 0x22, 0x1A, 0x60, 0x0A, 0x4B, 0x1B, 0x68, 
0x0A, 0x4A, 0xA2, 0xFB, 0x03, 0x23, 0x9B, 0x09, 0x09, 0x4A, 0x01, 0x3B, 
0x13, 0x60, 0x04, 0x4B, 0x07, 0x22, 0x1A, 0x60, 0x00, 0xBF, 0xBD, 0x46, 
0x5D, 0xF8, 0x04, 0x7B, 0x70, 0x47, 0x00, 0xBF, 0x10, 0xE0, 0x00, 0xE0, 
0x18, 0xE0, 0x00, 0xE0, 0x24, 0x00, 0x00, 0x20, 0xD3, 0x4D, 0x62, 0x10, 
0x14, 0xE0, 0x00, 0xE0, 0xDF, 0xF8, 0x0C, 0x00, 0x01, 0x68, 0x41, 0xF4, 
0x70, 0x01, 0x01, 0x60, 0x70, 0x47, 0x00, 0xBF, 0x88, 0xED, 0x00, 0xE0, 
0x80, 0xB4, 0x85, 0xB0, 0x00, 0xAF, 0xEF, 0xF3, 0x05, 0x83, 0xFB, 0x60, 
0xFB, 0x68, 0x0F, 0x2B, 0x15, 0xD9, 0x18, 0x4A, 0xFB, 0x68, 0x13, 0x44, 
0x1B, 0x78, 0xFB, 0x72, 0x16, 0x4B, 0x1B, 0x78, 0xFA, 0x7A, 0x9A, 0x42, 
0x0B, 0xD2, 0x4F, 0xF0, 0x50, 0x03, 0x83, 0xF3, 0x11, 0x88, 0xBF, 0xF3, 
0x6F, 0x8F, 0xBF, 0xF3, 0x4F, 0x8F, 0x7B, 0x60, 0x00, 0xBF, 0x00, 0xBF, 
0xFD, 0xE7, 0x0F, 0x4B, 0x1B, 0x68, 0x03, 0xF4, 0xE0, 0x62, 0x0E, 0x4B, 
0x1B, 0x68, 0x9A, 0x42, 0x0B, 0xD9, 0x4F, 0xF0, 0x50, 0x03, 0x83, 0xF3, 
0x11, 0x88, 0xBF, 0xF3, 0x6F, 0x8F, 0xBF, 0xF3, 0x4F, 0x8F, 0x3B, 0x60, 
0x00, 0xBF, 0x00, 0xBF, 0xFD, 0xE7, 0x00, 0xBF, 0x14, 0x37, 0xBD, 0x46, 
0x5D, 0xF8, 0x04, 0x7B, 0x70, 0x47, 0x00, 0xBF, 0xF0, 0xE3, 0x00, 0xE0, 
0x10, 0x0F, 0x00, 0x20, 0x0C, 0xED, 0x00, 0xE0, 0x14, 0x0F, 0x00, 0x20, 
0x80, 0xB5, 0x8A, 0xB0, 0x00, 0xAF, 0x78, 0x60, 0x00, 0x23, 0xFB, 0x61, 
0xFE, 0xF7, 0x74, 0xFD, 0x5C, 0x4B, 0x1B, 0x68, 0x00, 0x2B, 0x01, 0xD1, 
0x00, 0xF0, 0x24, 0xF9, 0x5A, 0x4B, 0x1A, 0x68, 0x7B, 0x68, 0x13, 0x40, 
0x00, 0x2B, 0x40, 0xF0, 0x95, 0x80, 0x7B, 0x68, 0x00, 0x2B, 0x1E, 0xD0, 
0x08, 0x22, 0x7B, 0x68, 0x13, 0x44, 0x7B, 0x60, 0x7B, 0x68, 0x03, 0xF0, 
0x07, 0x03, 0x00, 0x2B, 0x15, 0xD0, 0x7B, 0x68, 0x23, 0xF0, 0x07, 0x03, 
0x08, 0x33, 0x7B, 0x60, 0x7B, 0x68, 0x03, 0xF0, 0x07, 0x03, 0x00, 0x2B, 
0x0B, 0xD0, 0x4F, 0xF0, 0x50, 0x03, 0x83, 0xF3, 0x11, 0x88, 0xBF, 0xF3, 
0x6F, 0x8F, 0xBF, 0xF3, 0x4F, 0x8F, 0x7B, 0x61, 0x00, 0xBF, 0x00, 0xBF, 
0xFD, 0xE7, 0x7B, 0x68, 0x00, 0x2B, 0x6F, 0xD0, 0x45, 0x4B, 0x1B, 0x68, 
0x7A, 0x68, 0x9A, 0x42, 0x6A, 0xD8, 0x44, 0x4B, 0x3B, 0x62, 0x43, 0x4B, 
0x1B, 0x68, 0x7B, 0x62, 0x04, 0xE0, 0x7B, 0x6A, 0x3B, 0x62, 0x7B, 0x6A, 
0x1B, 0x68, 0x7B, 0x62, 0x7B, 0x6A, 0x5B, 0x68, 0x7A, 0x68, 0x9A, 0x42, 
0x03, 0xD9, 0x7B, 0x6A, 0x1B, 0x68, 0x00, 0x2B, 0xF1, 0xD1, 0x37, 0x4B, 
0x1B, 0x68, 0x7A, 0x6A, 0x9A, 0x42, 0x51, 0xD0, 0x3B, 0x6A, 0x1B, 0x68, 
0x08, 0x22, 0x13, 0x44, 0xFB, 0x61, 0x7B, 0x6A, 0x1A, 0x68, 0x3B, 0x6A, 
0x1A, 0x60, 0x7B, 0x6A, 0x5A, 0x68, 0x7B, 0x68, 0xD2, 0x1A, 0x08, 0x23, 
0x5B, 0x00, 0x9A, 0x42, 0x20, 0xD9, 0x7A, 0x6A, 0x7B, 0x68, 0x13, 0x44, 
0xBB, 0x61, 0xBB, 0x69, 0x03, 0xF0, 0x07, 0x03, 0x00, 0x2B, 0x0B, 0xD0, 
0x4F, 0xF0, 0x50, 0x03, 0x83, 0xF3, 0x11, 0x88, 0xBF, 0xF3, 0x6F, 0x8F, 
0xBF, 0xF3, 0x4F, 0x8F, 0x3B, 0x61, 0x00, 0xBF, 0x00, 0xBF, 0xFD, 0xE7, 
0x7B, 0x6A, 0x5A, 0x68, 0x7B, 0x68, 0xD2, 0x1A, 0xBB, 0x69, 0x5A, 0x60, 
0x7B, 0x6A, 0x7A, 0x68, 0x5A, 0x60, 0xB8, 0x69, 0x00, 0xF0, 0x0A, 0xF9, 
0x1D, 0x4B, 0x1A, 0x68, 0x7B, 0x6A, 0x5B, 0x68, 0xD3, 0x1A, 0x1B, 0x4A, 
0x13, 0x60, 0x1A, 0x4B, 0x1A, 0x68, 0x1B, 0x4B, 0x1B, 0x68, 0x9A, 0x42, 
0x03, 0xD2, 0x17, 0x4B, 0x1B, 0x68, 0x18, 0x4A, 0x13, 0x60, 0x7B, 0x6A, 
0x5A, 0x68, 0x13, 0x4B, 0x1B, 0x68, 0x1A, 0x43, 0x7B, 0x6A, 0x5A, 0x60, 
0x7B, 0x6A, 0x00, 0x22, 0x1A, 0x60, 0x13, 0x4B, 0x1B, 0x68, 0x01, 0x33, 
0x11, 0x4A, 0x13, 0x60, 0xFE, 0xF7, 0xDE, 0xFC, 0xFB, 0x69, 0x03, 0xF0, 
0x07, 0x03, 0x00, 0x2B, 0x0B, 0xD0, 0x4F, 0xF0, 0x50, 0x03, 0x83, 0xF3, 
0x11, 0x88, 0xBF, 0xF3, 0x6F, 0x8F, 0xBF, 0xF3, 0x4F, 0x8F, 0xFB, 0x60, 
0x00, 0xBF, 0x00, 0xBF, 0xFD, 0xE7, 0xFB, 0x69, 0x18, 0x46, 0x28, 0x37, 
0xBD, 0x46, 0x80, 0xBD, 0x20, 0x4B, 0x00, 0x20, 0x34, 0x4B, 0x00, 0x20, 
0x24, 0x4B, 0x00, 0x20, 0x18, 0x4B, 0x00, 0x20, 0x28, 0x4B, 0x00, 0x20, 
0x2C, 0x4B, 0x00, 0x20, 0x80, 0xB5, 0x86, 0xB0, 0x00, 0xAF, 0x78, 0x60, 
0x7B, 0x68, 0x7B, 0x61, 0x7B, 0x68, 0x00, 0x2B, 0x4F, 0xD0, 0x08, 0x23, 
0x5B, 0x42, 0x7A, 0x69, 0x13, 0x44, 0x7B, 0x61, 0x7B, 0x69, 0x3B, 0x61, 
0x3B, 0x69, 0x5A, 0x68, 0x25, 0x4B, 0x1B, 0x68, 0x13, 0x40, 0x00, 0x2B, 
0x0B, 0xD1, 0x4F, 0xF0, 0x50, 0x03, 0x83, 0xF3, 0x11, 0x88, 0xBF, 0xF3, 
0x6F, 0x8F, 0xBF, 0xF3, 0x4F, 0x8F, 0xFB, 0x60, 0x00, 0xBF, 0x00, 0xBF, 
0xFD, 0xE7, 0x3B, 0x69, 0x1B, 0x68, 0x00, 0x2B, 0x0B, 0xD0, 0x4F, 0xF0, 
0x50, 0x03, 0x83, 0xF3, 0x11, 0x88, 0xBF, 0xF3, 0x6F, 0x8F, 0xBF, 0xF3, 
0x4F, 0x8F, 0xBB, 0x60, 0x00, 0xBF, 0x00, 0xBF, 0xFD, 0xE7, 0x3B, 0x69, 
0x5A, 0x68, 0x14, 0x4B, 0x1B, 0x68, 0x13, 0x40, 0x00, 0x2B, 0x1E, 0xD0, 
0x3B, 0x69, 0x1B, 0x68, 0x00, 0x2B, 0x1A, 0xD1, 0x3B, 0x69, 0x5A, 0x68, 
0x0E, 0x4B, 0x1B, 0x68, 0xDB, 0x43, 0x1A, 0x40, 0x3B, 0x69, 0x5A, 0x60, 
0xFE, 0xF7, 0x66, 0xFC, 0x3B, 0x69, 0x5A, 0x68, 0x0A, 0x4B, 0x1B, 0x68, 
0x13, 0x44, 0x09, 0x4A, 0x13, 0x60, 0x38, 0x69, 0x00, 0xF0, 0x74, 0xF8, 
0x07, 0x4B, 0x1B, 0x68, 0x01, 0x33, 0x06, 0x4A, 0x13, 0x60, 0xFE, 0xF7, 
0x63, 0xFC, 0x00, 0xBF, 0x18, 0x37, 0xBD, 0x46, 0x80, 0xBD, 0x00, 0xBF, 
0x34, 0x4B, 0x00, 0x20, 0x24, 0x4B, 0x00, 0x20, 0x30, 0x4B, 0x00, 0x20, 
0x80, 0xB4, 0x85, 0xB0, 0x00, 0xAF, 0x4F, 0xF4, 0x70, 0x53, 0xBB, 0x60, 
0x27, 0x4B, 0xFB, 0x60, 0xFB, 0x68, 0x03, 0xF0, 0x07, 0x03, 0x00, 0x2B, 
0x0C, 0xD0, 0xFB, 0x68, 0x07, 0x33, 0xFB, 0x60, 0xFB, 0x68, 0x23, 0xF0, 
0x07, 0x03, 0xFB, 0x60, 0xBA, 0x68, 0xFB, 0x68, 0xD3, 0x1A, 0x1F, 0x4A, 
0x13, 0x44, 0xBB, 0x60, 0xFB, 0x68, 0x7B, 0x60, 0x1D, 0x4A, 0x7B, 0x68, 
0x13, 0x60, 0x1C, 0x4B, 0x00, 0x22, 0x5A, 0x60, 0x7B, 0x68, 0xBA, 0x68, 
0x13, 0x44, 0xFB, 0x60, 0x08, 0x22, 0xFB, 0x68, 0x9B, 0x1A, 0xFB, 0x60, 
0xFB, 0x68, 0x23, 0xF0, 0x07, 0x03, 0xFB, 0x60, 0xFB, 0x68, 0x15, 0x4A, 
0x13, 0x60, 0x14, 0x4B, 0x1B, 0x68, 0x00, 0x22, 0x5A, 0x60, 0x12, 0x4B, 
0x1B, 0x68, 0x00, 0x22, 0x1A, 0x60, 0x7B, 0x68, 0x3B, 0x60, 0x3B, 0x68, 
0xFA, 0x68, 0xD2, 0x1A, 0x3B, 0x68, 0x5A, 0x60, 0x0C, 0x4B, 0x1A, 0x68, 
0x3B, 0x68, 0x1A, 0x60, 0x3B, 0x68, 0x5B, 0x68, 0x0A, 0x4A, 0x13, 0x60, 
0x3B, 0x68, 0x5B, 0x68, 0x09, 0x4A, 0x13, 0x60, 0x09, 0x4B, 0x4F, 0xF0, 
0x00, 0x42, 0x1A, 0x60, 0x00, 0xBF, 0x14, 0x37, 0xBD, 0x46, 0x5D, 0xF8, 
0x04, 0x7B, 0x70, 0x47, 0x18, 0x0F, 0x00, 0x20, 0x18, 0x4B, 0x00, 0x20, 
0x20, 0x4B, 0x00, 0x20, 0x28, 0x4B, 0x00, 0x20, 0x24, 0x4B, 0x00, 0x20, 
0x34, 0x4B, 0x00, 0x20, 0x80, 0xB4, 0x85, 0xB0, 0x00, 0xAF, 0x78, 0x60, 
0x28, 0x4B, 0xFB, 0x60, 0x02, 0xE0, 0xFB, 0x68, 0x1B, 0x68, 0xFB, 0x60, 
0xFB, 0x68, 0x1B, 0x68, 0x7A, 0x68, 0x9A, 0x42, 0xF7, 0xD8, 0xFB, 0x68, 
0xBB, 0x60, 0xFB, 0x68, 0x5B, 0x68, 0xBA, 0x68, 0x13, 0x44, 0x7A, 0x68, 
0x9A, 0x42, 0x08, 0xD1, 0xFB, 0x68, 0x5A, 0x68, 0x7B, 0x68, 0x5B, 0x68, 
0x1A, 0x44, 0xFB, 0x68, 0x5A, 0x60, 0xFB, 0x68, 0x7B, 0x60, 0x7B, 0x68, 
0xBB, 0x60, 0x7B, 0x68, 0x5B, 0x68, 0xBA, 0x68, 0x1A, 0x44, 0xFB, 0x68, 
0x1B, 0x68, 0x9A, 0x42, 0x18, 0xD1, 0xFB, 0x68, 0x1A, 0x68, 0x15, 0x4B, 
0x1B, 0x68, 0x9A, 0x42, 0x0D, 0xD0, 0x7B, 0x68, 0x5A, 0x68, 0xFB, 0x68, 
0x1B, 0x68, 0x5B, 0x68, 0x1A, 0x44, 0x7B, 0x68, 0x5A, 0x60, 0xFB, 0x68, 
0x1B, 0x68, 0x1A, 0x68, 0x7B, 0x68, 0x1A, 0x60, 0x08, 0xE0, 0x0C, 0x4B, 
0x1A, 0x68, 0x7B, 0x68, 0x1A, 0x60, 0x03, 0xE0, 0xFB, 0x68, 0x1A, 0x68, 
0x7B, 0x68, 0x1A, 0x60, 0xFA, 0x68, 0x7B, 0x68, 0x9A, 0x42, 0x02, 0xD0, 
0xFB, 0x68, 0x7A, 0x68, 0x1A, 0x60, 0x00, 0xBF, 0x14, 0x37, 0xBD, 0x46, 
0x5D, 0xF8, 0x04, 0x7B, 0x70, 0x47, 0x00, 0xBF, 0x18, 0x4B, 0x00, 0x20, 
0x20, 0x4B, 0x00, 0x20, 0x02, 0x44, 0x03, 0x46, 0x93, 0x42, 0x00, 0xD1, 
0x70, 0x47, 0x03, 0xF8, 0x01, 0x1B, 0xF9, 0xE7, 0x2D, 0x4B, 0x1B, 0x68, 
0x83, 0x42, 0x70, 0xB5, 0x04, 0x46, 0x53, 0xD0, 0xC3, 0x69, 0x1B, 0xB3, 
0xDB, 0x68, 0x63, 0xB1, 0x00, 0x25, 0xE3, 0x69, 0xDB, 0x68, 0x59, 0x59, 
0xB1, 0xB9, 0x04, 0x35, 0x80, 0x2D, 0xF8, 0xD1, 0xE3, 0x69, 0x20, 0x46, 
0xD9, 0x68, 0x00, 0xF0, 0x7B, 0xF8, 0xE3, 0x69, 0x19, 0x68, 0x11, 0xB1, 
0x20, 0x46, 0x00, 0xF0, 0x75, 0xF8, 0xE3, 0x69, 0x9D, 0x68, 0x5D, 0xB1, 
0x29, 0x46, 0x20, 0x46, 0x2D, 0x68, 0x00, 0xF0, 0x6D, 0xF8, 0xF8, 0xE7, 
0x0E, 0x68, 0x20, 0x46, 0x00, 0xF0, 0x68, 0xF8, 0x31, 0x46, 0xE1, 0xE7, 
0x61, 0x69, 0x11, 0xB1, 0x20, 0x46, 0x00, 0xF0, 0x61, 0xF8, 0xE1, 0x69, 
0x11, 0xB1, 0x20, 0x46, 0x00, 0xF0, 0x5C, 0xF8, 0x21, 0x6B, 0x11, 0xB1, 
0x20, 0x46, 0x00, 0xF0, 0x57, 0xF8, 0x61, 0x6B, 0x11, 0xB1, 0x20, 0x46, 
0x00, 0xF0, 0x52, 0xF8, 0xA1, 0x6B, 0x11, 0xB1, 0x20, 0x46, 0x00, 0xF0, 
0x4D, 0xF8, 0xA1, 0x6C, 0x11, 0xB1, 0x20, 0x46, 0x00, 0xF0, 0x48, 0xF8, 
0x61, 0x6C, 0x11, 0xB1, 0x20, 0x46, 0x00, 0xF0, 0x43, 0xF8, 0xE1, 0x6A, 
0x11, 0xB1, 0x20, 0x46, 0x00, 0xF0, 0x3E, 0xF8, 0x23, 0x6A, 0x1B, 0xB1, 
0x20, 0x46, 0xBD, 0xE8, 0x70, 0x40, 0x18, 0x47, 0x70, 0xBD, 0x00, 0xBF, 
0x34, 0x00, 0x00, 0x20, 0x70, 0xB5, 0x0D, 0x4D, 0x0D, 0x4C, 0x64, 0x1B, 
0xA4, 0x10, 0x00, 0x26, 0xA6, 0x42, 0x09, 0xD1, 0x0B, 0x4D, 0x0C, 0x4C, 
0x00, 0xF0, 0x7E, 0xF8, 0x64, 0x1B, 0xA4, 0x10, 0x00, 0x26, 0xA6, 0x42, 
0x05, 0xD1, 0x70, 0xBD, 0x55, 0xF8, 0x04, 0x3B, 0x98, 0x47, 0x01, 0x36, 
0xEE, 0xE7, 0x55, 0xF8, 0x04, 0x3B, 0x98, 0x47, 0x01, 0x36, 0xF2, 0xE7, 
0x88, 0x15, 0x01, 0x08, 0x88, 0x15, 0x01, 0x08, 0x88, 0x15, 0x01, 0x08, 
0x8C, 0x15, 0x01, 0x08, 0x70, 0x47, 0x70, 0x47, 0x0A, 0x44, 0x91, 0x42, 
0x00, 0xF1, 0xFF, 0x33, 0x00, 0xD1, 0x70, 0x47, 0x10, 0xB5, 0x11, 0xF8, 
0x01, 0x4B, 0x03, 0xF8, 0x01, 0x4F, 0x91, 0x42, 0xF9, 0xD1, 0x10, 0xBD, 
0x38, 0xB5, 0x05, 0x46, 0x00, 0x29, 0x41, 0xD0, 0x51, 0xF8, 0x04, 0x3C, 
0x0C, 0x1F, 0x00, 0x2B, 0xB8, 0xBF, 0xE4, 0x18, 0x00, 0xF0, 0x3E, 0xF8, 
0x1D, 0x4A, 0x13, 0x68, 0x33, 0xB9, 0x63, 0x60, 0x14, 0x60, 0x28, 0x46, 
0xBD, 0xE8, 0x38, 0x40, 0x00, 0xF0, 0x3A, 0xB8, 0xA3, 0x42, 0x08, 0xD9, 
0x20, 0x68, 0x21, 0x18, 0x8B, 0x42, 0x01, 0xBF, 0x19, 0x68, 0x5B, 0x68, 
0x09, 0x18, 0x21, 0x60, 0xED, 0xE7, 0x1A, 0x46, 0x5B, 0x68, 0x0B, 0xB1, 
0xA3, 0x42, 0xFA, 0xD9, 0x11, 0x68, 0x50, 0x18, 0xA0, 0x42, 0x0B, 0xD1, 
0x20, 0x68, 0x01, 0x44, 0x50, 0x18, 0x83, 0x42, 0x11, 0x60, 0xE0, 0xD1, 
0x18, 0x68, 0x5B, 0x68, 0x53, 0x60, 0x08, 0x44, 0x10, 0x60, 0xDA, 0xE7, 
0x02, 0xD9, 0x0C, 0x23, 0x2B, 0x60, 0xD6, 0xE7, 0x20, 0x68, 0x21, 0x18, 
0x8B, 0x42, 0x04, 0xBF, 0x19, 0x68, 0x5B, 0x68, 0x63, 0x60, 0x04, 0xBF, 
0x09, 0x18, 0x21, 0x60, 0x54, 0x60, 0xCA, 0xE7, 0x38, 0xBD, 0x00, 0xBF, 
0x74, 0x4C, 0x00, 0x20, 0x01, 0x48, 0xFF, 0xF7, 0xA3, 0xBF, 0x00, 0xBF, 
0x70, 0x4C, 0x00, 0x20, 0x01, 0x48, 0xFF, 0xF7, 0x9E, 0xBF, 0x00, 0xBF, 
0x70, 0x4C, 0x00, 0x20, 0xF8, 0xB5, 0x00, 0xBF, 0xF8, 0xBC, 0x08, 0xBC, 
0x9E, 0x46, 0x70, 0x47, 0xF8, 0xB5, 0x00, 0xBF, 0xF8, 0xBC, 0x08, 0xBC, 
0x9E, 0x46, 0x70, 0x47, 0x6C, 0x65, 0x64, 0x5F, 0x62, 0x6C, 0x69, 0x6E, 
0x6B, 0x00, 0x00, 0x00, 0x75, 0x73, 0x61, 0x72, 0x74, 0x32, 0x5F, 0x74, 
0x78, 0x00, 0x00, 0x00, 0x75, 0x73, 0x61, 0x72, 0x74, 0x32, 0x5F, 0x72, 
0x78, 0x00, 0x00, 0x00, 0x49, 0x44, 0x4C, 0x45, 0x00, 0x00, 0x00, 0x00, 
0x54, 0x6D, 0x72, 0x20, 0x53, 0x76, 0x63, 0x00, 0x54, 0x6D, 0x72, 0x51, 
0x00, 0x00, 0x00, 0x00, 0xC0, 0x14, 0x01, 0x08, 0x00, 0x00, 0x00, 0x00, 
0x00, 0x00, 0x00, 0x00, 0x00, 0x00, 0x00, 0x00, 0x00, 0x00, 0x00, 0x00, 
0x00, 0x02, 0x00, 0x00, 0x0E, 0x00, 0x00, 0x00, 0x00, 0x00, 0x00, 0x00, 
0x00, 0x00, 0x00, 0x00, 0xCC, 0x14, 0x01, 0x08, 0x00, 0x00, 0x00, 0x00, 
0x00, 0x00, 0x00, 0x00, 0x00, 0x00, 0x00, 0x00, 0x00, 0x00, 0x00, 0x00, 
0x00, 0x02, 0x00, 0x00, 0x28, 0x00, 0x00, 0x00, 0x00, 0x00, 0x00, 0x00, 
0x00, 0x00, 0x00, 0x00, 0xD8, 0x14, 0x01, 0x08, 0x00, 0x00, 0x00, 0x00, 
0x00, 0x00, 0x00, 0x00, 0x00, 0x00, 0x00, 0x00, 0x00, 0x00, 0x00, 0x00, 
0x00, 0x02, 0x00, 0x00, 0x29, 0x00, 0x00, 0x00, 0x00, 0x00, 0x00, 0x00, 
0x00, 0x00, 0x00, 0x00, 0x00, 0x00, 0x00, 0x00, 0x00, 0x00, 0x00, 0x00, 
0x01, 0x02, 0x03, 0x04, 0x06, 0x07, 0x08, 0x09, 0x00, 0x00, 0x00, 0x00, 
0x01, 0x02, 0x03, 0x04, 0x80, 0xAC, 0xFF, 0x7F, 0x01, 0x00, 0x00, 0x00, 
0xB5, 0xC1, 0x00, 0x08, 0x91, 0xC1, 0x00, 0x08, 0x4A, 0x55, 0x4D, 0x50, 
0x20, 0x74, 0x6F, 0x20, 0x52, 0x54, 0x4F, 0x53, 0x20, 0x61, 0x70, 0x70, 
0x6C, 0x20, 0x73, 0x75, 0x63, 0x63, 0x65, 0x73, 0x73, 0x66, 0x75, 0x6C, 
0x2E, 0x2E, 0x2E, 0x0A, 0x00, 0x00, 0x00, 0x00, 0x00, 0x24, 0xF4, 0x00, 
0x10, 0x00, 0x00, 0x00, 0x01, 0x00, 0x00, 0x00, 0xAA, 0xAA, 0xAA, 0xAA, 
0x38, 0x00, 0x00, 0x20, 0x00, 0x00, 0x00, 0x00, 0x38, 0x4B, 0x00, 0x20, 
0xA0, 0x4B, 0x00, 0x20, 0x08, 0x4C, 0x00, 0x20, 0x00, 0x00, 0x00, 0x00, 
0x00, 0x00, 0x00, 0x00, 0x00, 0x00, 0x00, 0x00, 0x00, 0x00, 0x00, 0x00, 
0x00, 0x00, 0x00, 0x00, 0x00, 0x00, 0x00, 0x00, 0x00, 0x00, 0x00, 0x00, 
0x00, 0x00, 0x00, 0x00, 0x00, 0x00, 0x00, 0x00, 0x00, 0x00, 0x00, 0x00, 
0x00, 0x00, 0x00, 0x00, 0x00, 0x00, 0x00, 0x00, 0x00, 0x00, 0x00, 0x00, 
0x00, 0x00, 0x00, 0x00, 0x00, 0x00, 0x00, 0x00, 
};
const unsigned int ARM_M4_APPL_OTA_fw_len = 22052;
